Id2,1,2,3,4,5,6,7,8,9,10,11,12,13,14,15,16,hh_total,hh_avg_inc
1 ,0,0,0,0,0,0,0,0,0,0,0,0,0,0,0,0,0,-
2 ,0,0,0,0,0,0,0,0,0,0,0,0,0,0,0,0,0,-
3 ,0,0,0,0,0,0,0,0,0,0,0,0,0,0,0,0,0,-
4 ,71,0,17,10,0,28,13,46,0,26,90,78,9,33,40,37,498,62375
5 ,47,14,18,15,1,27,0,23,0,63,41,51,86,45,67,0,498,75000
6 ,15,0,0,9,46,39,0,21,0,7,17,38,78,61,4,0,335,88036
7 ,0,0,0,0,0,0,0,0,0,0,0,0,0,0,0,0,0,-
8 ,72,0,19,0,0,0,24,20,0,29,22,65,0,0,0,0,251,41313
9 ,73,17,18,0,36,20,36,35,10,58,51,32,32,20,0,10,448,41714
10 ,0,0,27,13,17,10,47,0,26,28,147,213,210,159,113,35,1045,98750
11 ,19,0,0,18,0,19,0,0,0,18,0,41,37,0,18,12,182,81848
12 ,107,167,103,39,98,119,117,66,32,93,74,21,50,19,0,0,1105,31058
13 ,94,15,0,21,0,9,15,7,0,34,7,43,0,0,0,0,245,-
14 ,42,59,10,9,17,0,41,17,10,9,6,13,20,0,0,0,253,28456
15 ,56,25,16,13,17,25,0,25,7,70,16,46,44,0,0,7,367,47321
16 ,0,0,0,0,0,0,0,0,0,0,0,0,0,0,0,0,0,-
17 ,85,40,13,18,66,46,97,57,33,35,68,95,48,14,8,6,729,39977
18 ,11,0,0,0,0,0,0,10,0,0,0,0,0,0,0,0,21,-
19 ,78,25,6,5,0,0,15,11,0,28,15,9,9,5,6,0,212,-
20 ,0,0,0,0,0,0,0,0,0,0,0,0,0,0,0,0,0,-
21 ,0,0,0,0,0,0,0,0,0,0,0,0,0,0,0,0,0,-
22 ,98,12,0,45,41,0,0,0,32,0,12,0,90,14,17,0,361,-
23 ,158,72,29,87,92,40,103,37,0,0,0,25,54,0,10,0,707,25457
24 ,360,115,202,80,33,34,32,0,0,58,0,17,0,0,0,0,931,14525
25 ,143,74,14,22,16,51,12,28,0,29,51,0,0,0,0,0,440,18036
26 ,46,35,25,0,0,47,13,0,0,5,12,0,0,0,0,0,183,-
27 ,141,70,14,30,20,0,14,0,0,0,0,38,30,0,0,29,386,12364
28 ,307,84,203,149,64,35,30,0,22,30,19,32,0,0,17,0,992,17793
29 ,63,76,0,26,0,20,0,6,19,0,22,0,0,10,0,0,242,13750
30 ,210,154,79,37,33,42,13,10,63,8,11,43,0,23,0,0,726,14979
31 ,0,0,0,0,0,0,0,0,0,0,0,0,0,0,0,0,0,-
32 ,0,0,0,0,0,0,0,0,0,0,0,0,0,0,0,26,26,-
33 ,71,53,50,15,21,72,0,0,0,30,0,19,46,0,0,0,377,24917
34 ,172,34,46,32,11,39,23,0,0,24,19,28,0,18,0,0,446,16214
35 ,136,74,66,77,11,0,36,19,0,9,25,7,32,0,0,0,492,16364
36 ,43,30,0,49,12,0,38,0,46,14,0,39,20,8,0,0,299,38520
37 ,41,42,31,0,25,5,13,0,0,0,0,7,16,23,0,0,203,16492
38 ,227,59,23,42,21,16,0,42,9,23,40,16,0,0,0,0,518,11600
39 ,171,25,54,70,32,21,69,9,11,30,45,17,0,4,0,0,558,23066
40 ,110,83,34,9,10,69,83,0,0,0,30,6,0,0,0,0,434,18333
41 ,7,23,0,0,7,0,38,20,0,0,0,27,0,10,0,0,132,38269
42 ,123,97,33,11,22,44,0,0,0,0,51,20,35,0,10,0,446,15227
43 ,115,130,46,0,61,9,0,0,0,45,0,18,0,0,0,0,424,13125
44 ,0,0,0,0,0,0,0,0,0,0,0,0,0,0,0,0,0,-
45 ,12,53,30,33,0,15,14,0,92,46,127,70,38,0,0,0,530,50870
46 ,0,23,13,8,0,90,68,145,93,61,92,134,66,0,0,2,795,47585
47 ,68,17,14,69,76,39,64,0,15,46,65,0,86,57,0,0,616,36116
48 ,38,11,0,57,35,37,0,0,16,72,57,30,64,0,33,0,450,53990
49 ,55,36,80,11,32,29,7,28,49,66,29,92,9,31,5,0,559,45101
50 ,0,13,14,7,27,0,0,0,0,55,26,16,8,0,22,0,188,55469
51 ,73,41,54,97,0,58,20,19,22,12,0,0,0,0,8,9,413,21964
52 ,229,86,74,73,33,29,0,0,0,44,0,0,0,0,14,0,582,13776
53 ,46,49,22,3,8,13,0,28,16,30,14,17,16,0,0,0,262,30577
54 ,181,32,64,66,7,98,27,28,0,11,0,71,0,0,0,0,585,21435
55 ,91,16,42,47,26,22,37,0,10,74,17,79,0,19,20,0,500,35625
56 ,51,0,24,4,9,11,10,4,12,0,16,4,0,0,0,0,145,-
57 ,94,43,16,21,13,32,36,0,22,17,19,15,7,0,0,49,384,30694
58 ,122,49,0,0,64,0,36,17,25,0,34,0,16,0,31,0,394,27979
59 ,38,49,29,29,38,12,13,52,32,0,37,109,45,0,25,0,508,44583
60 ,110,56,18,0,11,0,34,0,0,22,0,0,0,0,14,15,280,13839
61 ,28,39,16,25,30,14,1,53,13,127,0,0,0,55,0,0,401,44647
62 ,80,0,0,137,16,0,17,0,0,40,12,28,0,0,0,0,330,23571
63 ,29,5,52,21,55,12,27,8,49,33,64,59,62,20,10,0,506,49709
64 ,238,78,89,86,0,41,43,0,0,41,13,28,0,0,0,0,657,15446
65 ,110,31,78,134,10,60,65,38,35,0,37,24,0,10,0,0,632,24136
66 ,0,0,0,0,0,0,0,0,0,0,0,0,0,0,0,0,0,-
67 ,285,52,136,47,67,21,54,12,0,0,41,17,0,0,0,33,765,16185
68 ,0,65,42,0,45,49,0,15,0,29,0,63,0,0,0,0,308,32602
69 ,193,119,169,164,19,57,0,118,27,53,0,0,0,0,0,0,919,19375
70 ,85,244,18,19,0,0,0,35,17,17,19,0,83,0,0,0,537,13992
71 ,16,58,0,0,29,0,41,0,24,95,137,0,0,0,0,0,400,55602
72 ,32,0,17,13,34,19,0,15,0,0,64,24,12,0,0,0,230,-
73 ,0,0,0,0,0,0,0,0,0,0,0,0,0,0,0,0,0,-
74 ,0,67,88,0,0,25,14,13,21,75,31,0,0,20,0,0,354,32200
75 ,124,115,46,93,25,48,85,37,0,20,0,18,7,0,0,0,618,20833
76 ,160,102,53,77,36,43,16,8,0,108,11,28,0,0,18,0,660,21389
77 ,95,40,14,28,53,38,9,7,16,8,10,30,7,0,9,21,385,26107
78 ,130,38,38,7,27,0,9,24,0,26,16,15,15,25,11,0,381,16480
79 ,118,47,87,28,56,16,9,11,10,34,8,0,0,8,0,0,432,17452
80 ,9,59,55,24,9,0,32,10,0,0,20,0,26,0,0,0,244,19934
81 ,95,81,22,109,8,9,40,22,21,18,9,63,8,17,0,0,522,22461
82 ,111,62,37,54,59,37,0,35,0,10,32,0,0,0,0,0,437,21635
83 ,77,68,58,67,23,31,21,48,15,131,71,28,10,11,31,8,698,40625
84 ,102,77,56,63,73,0,93,41,37,24,29,7,26,23,0,0,651,27969
85 ,67,55,60,71,34,94,57,0,0,57,55,41,39,47,0,0,677,31533
86 ,64,17,77,24,29,94,0,35,0,27,44,78,35,18,7,0,549,32993
87 ,192,62,19,35,0,35,24,18,47,19,0,0,0,8,0,8,467,11673
88 ,21,60,69,45,33,0,8,0,0,0,17,23,0,22,0,0,298,19934
89 ,34,8,0,11,24,21,15,15,8,24,54,26,0,13,19,16,288,54722
90 ,148,56,8,60,23,0,70,10,15,76,71,29,34,0,12,0,612,35611
91 ,140,19,29,0,38,57,0,27,12,0,26,72,0,0,0,0,420,28462
92 ,97,89,20,47,0,68,33,0,17,45,18,0,0,0,28,0,462,22500
93 ,51,47,75,0,22,69,0,0,10,29,0,44,0,19,0,0,366,26136
94 ,18,10,45,0,0,45,0,28,0,21,0,0,7,0,0,0,174,33278
95 ,178,145,150,81,45,18,53,35,108,100,16,0,0,0,0,0,929,19764
96 ,230,121,116,57,66,48,55,17,8,63,33,19,14,12,22,0,881,18948
97 ,40,49,32,11,5,0,52,5,0,0,0,33,5,0,0,9,241,-
98 ,152,70,99,28,0,18,10,11,8,31,64,61,6,10,17,6,591,18068
99 ,277,68,40,31,0,80,16,66,17,13,20,0,0,9,0,7,644,12296
100 ,265,128,89,48,34,53,52,30,38,43,55,6,0,0,0,0,841,16463
101 ,6,10,0,46,0,0,22,0,0,20,54,47,0,10,18,0,233,60977
102 ,93,103,68,43,108,84,0,47,0,73,54,60,12,35,6,0,786,29098
103 ,34,61,9,72,9,7,0,0,20,14,9,17,28,0,9,0,289,23169
104 ,81,83,34,17,0,42,11,0,0,18,55,70,18,0,0,10,439,30268
105 ,153,96,57,11,7,23,5,8,26,8,0,30,8,0,0,0,432,12461
106 ,41,13,34,9,0,0,7,14,0,33,0,34,12,7,0,0,204,39286
107 ,54,16,19,28,0,16,7,47,4,16,18,19,17,11,0,0,272,36071
108 ,51,5,6,0,24,19,17,2,0,3,29,67,0,0,0,36,259,60216
109 ,156,100,43,73,82,34,28,50,13,41,84,69,23,0,0,20,816,28309
110 ,44,41,12,8,7,15,45,36,16,27,48,4,20,8,0,9,340,39783
111 ,0,20,23,0,30,31,15,0,53,32,13,111,20,0,0,0,348,55156
112 ,205,128,54,175,47,70,93,277,85,161,253,176,43,43,17,0,1827,41872
113 ,0,0,0,0,0,0,0,0,0,0,0,0,0,0,0,0,0,-
114 ,109,38,43,29,0,54,0,0,0,23,88,14,29,0,0,0,427,24526
115 ,175,50,122,41,36,83,89,0,0,55,0,0,0,0,0,0,651,19198
116 ,203,42,77,85,56,0,11,0,45,43,36,57,0,0,0,0,655,20625
117 ,86,0,0,90,0,0,56,71,0,47,0,56,38,0,14,0,458,39866
118 ,0,0,10,13,14,27,53,29,23,0,0,0,33,0,9,0,211,39458
119 ,0,0,0,0,0,0,0,0,0,0,0,0,0,0,0,0,0,-
120 ,19,0,9,20,8,0,41,7,0,0,0,20,9,8,4,0,145,36006
121 ,17,34,21,16,5,0,0,38,21,24,48,26,8,0,0,19,277,47344
122 ,65,23,7,5,34,48,0,1,31,0,29,34,44,17,7,0,345,34152
123 ,101,25,68,13,35,66,0,32,26,9,26,9,17,0,0,0,427,25602
124 ,112,117,15,37,48,45,26,18,43,54,69,41,9,0,0,11,645,29375
125 ,106,77,11,0,23,75,55,0,0,74,38,92,0,0,25,0,576,34706
126 ,55,10,23,14,58,0,36,10,0,0,17,7,0,8,0,0,238,25733
127 ,25,45,27,0,28,8,0,36,17,0,0,21,0,0,0,0,207,25580
128 ,127,22,0,0,11,0,38,0,0,0,65,0,0,0,0,0,263,-
129 ,82,37,0,37,7,8,0,0,24,10,0,7,35,0,25,11,283,21520
130 ,354,145,147,60,92,102,92,78,14,38,20,46,0,0,0,0,1188,18860
131 ,9,57,18,23,62,0,18,14,26,18,29,0,9,0,0,0,283,28090
132 ,27,26,0,18,15,19,23,17,0,0,0,0,28,0,0,0,173,30066
133 ,74,12,14,55,50,0,13,33,51,0,25,14,36,0,0,0,377,27264
134 ,138,11,73,0,90,37,11,14,0,0,0,29,29,52,0,39,523,26097
135 ,131,94,43,0,0,24,57,0,31,13,0,0,0,0,0,22,415,-
136 ,177,90,0,163,0,32,41,0,0,13,0,13,0,0,0,0,529,14894
137 ,112,50,0,71,14,0,0,0,0,0,0,22,0,0,0,0,269,13090
138 ,12,33,32,34,28,0,0,0,25,13,0,14,0,18,0,0,209,24522
139 ,37,33,32,20,29,10,20,17,29,29,31,26,56,9,9,0,387,41838
140 ,27,0,0,0,12,37,0,13,0,25,40,21,22,9,6,0,212,52500
141 ,51,21,19,22,36,31,0,0,53,19,19,73,37,12,0,0,393,48278
142 ,155,225,0,17,0,50,68,0,147,45,57,118,70,30,46,46,1074,45482
143 ,64,15,104,17,186,45,0,0,20,30,46,11,27,17,17,0,599,27793
144 ,105,111,82,31,39,0,43,25,8,0,0,34,0,0,0,18,496,15976
145 ,164,82,64,0,18,53,15,0,0,29,39,0,0,0,0,0,464,13409
146 ,59,57,21,111,55,56,66,52,12,35,41,42,91,26,18,0,742,35600
147 ,52,23,32,42,27,17,26,0,0,41,0,0,16,12,16,0,304,27778
148 ,24,8,44,32,33,11,20,7,23,24,24,0,33,12,0,20,315,36719
149 ,13,14,13,6,27,9,17,7,0,40,68,56,27,6,18,0,321,69250
150 ,114,46,51,18,69,64,49,21,43,19,53,23,21,5,14,15,625,30806
151 ,22,17,64,18,56,29,51,17,25,19,23,82,20,28,14,0,485,37583
152 ,74,119,83,56,69,32,33,104,22,29,36,36,12,0,32,0,737,27226
153 ,73,36,27,0,11,8,9,0,11,21,19,42,10,27,19,0,313,-
154 ,0,11,9,0,37,0,19,16,0,0,23,45,0,9,0,0,169,41328
155 ,110,71,46,31,30,11,40,17,11,38,24,8,0,0,0,0,437,18882
156 ,46,82,30,71,10,42,0,11,7,38,13,13,0,0,14,0,377,21589
157 ,124,95,59,12,61,27,55,47,0,0,0,0,28,0,0,0,508,17431
158 ,33,32,55,32,23,9,9,29,26,49,29,28,29,18,14,9,424,43684
159 ,27,72,36,8,0,0,45,0,23,11,48,25,0,0,43,0,338,36444
160 ,67,27,50,30,19,44,78,41,10,30,60,80,55,0,30,0,621,39375
161 ,53,46,17,44,47,27,16,114,0,17,47,61,21,0,14,0,524,40263
162 ,170,140,73,43,42,81,112,19,0,79,86,49,23,9,7,15,948,30208
163 ,100,150,25,75,9,38,0,0,16,49,19,32,11,0,0,0,524,16875
164 ,86,20,22,0,19,13,0,9,36,0,20,0,0,0,0,0,225,16083
165 ,10,16,0,13,39,53,0,0,28,22,27,10,21,6,0,0,245,33365
166 ,61,32,0,10,43,57,35,8,51,12,61,22,18,0,14,0,424,35643
167 ,12,28,0,11,0,15,39,42,11,52,27,0,0,0,0,10,247,42434
168 ,112,50,37,29,38,17,26,36,19,45,0,30,29,2,0,9,479,26513
169 ,66,11,0,19,23,0,0,28,0,34,0,7,8,5,0,0,201,27989
170 ,82,76,60,47,36,44,22,30,45,26,63,60,9,8,10,11,629,30912
171 ,37,14,75,17,0,48,0,0,14,0,27,30,27,49,26,15,379,-
172 ,193,43,31,19,50,26,0,58,32,61,95,96,88,19,0,0,811,41875
173 ,76,32,0,17,31,0,13,0,0,139,49,81,11,0,0,0,449,54861
174 ,54,57,72,0,51,26,15,30,0,0,24,31,0,0,0,0,360,-
175 ,191,37,78,0,11,31,13,28,0,60,35,0,37,0,0,0,521,17083
176 ,27,77,10,17,0,0,41,63,0,17,0,0,0,0,0,33,285,36307
177 ,116,0,45,0,28,43,0,0,0,67,0,13,0,0,0,0,312,-
178 ,199,30,0,32,93,41,17,0,0,100,0,73,0,0,0,0,585,27560
179 ,14,46,0,0,51,43,0,0,29,0,0,12,0,0,0,0,195,29063
180 ,99,65,25,20,15,0,70,21,26,21,0,0,0,0,0,33,395,23563
181 ,89,28,15,22,28,27,0,0,0,0,18,7,0,0,7,28,269,22784
182 ,134,16,14,0,0,0,0,0,22,0,0,20,0,0,0,0,206,4263
183 ,103,95,16,8,45,20,16,28,30,18,21,18,36,21,0,35,510,28421
184 ,108,63,57,19,12,0,53,13,33,77,42,12,13,0,0,7,509,29063
185 ,32,77,21,8,8,0,24,22,34,52,22,21,22,0,0,0,343,40170
186 ,85,18,31,46,0,0,0,7,0,15,47,12,22,0,0,0,283,20408
187 ,5,8,0,10,8,1,15,14,12,22,20,43,21,14,0,0,193,60469
188 ,48,17,26,5,24,14,16,0,9,32,69,105,36,50,63,12,526,78036
189 ,83,65,23,12,0,9,22,0,0,20,0,19,2,0,0,0,255,13536
190 ,104,34,47,67,40,43,7,15,66,30,61,52,11,15,0,0,592,30345
191 ,22,78,0,0,0,51,13,21,0,26,24,18,53,28,15,0,349,41458
192 ,111,32,0,10,0,20,34,0,44,21,0,14,0,0,0,0,286,-
193 ,117,11,42,59,42,81,10,0,25,19,16,0,2,0,0,0,424,23988
194 ,41,14,34,0,0,19,46,18,0,7,16,60,8,27,10,6,306,39926
195 ,140,117,52,60,50,25,30,14,9,8,41,0,0,0,32,0,578,16538
196 ,167,77,28,64,104,24,29,0,0,36,0,14,22,0,0,0,565,20469
197 ,90,56,20,19,53,21,30,19,16,34,84,12,9,0,11,0,474,29944
198 ,77,112,42,38,25,15,78,28,12,9,31,45,34,0,0,0,546,25400
199 ,49,0,27,16,0,14,6,11,7,9,34,53,0,0,0,0,226,42727
200 ,85,41,9,13,20,51,0,0,9,18,11,35,8,25,0,0,325,28750
201 ,115,62,19,6,0,64,36,23,0,15,10,0,0,16,13,0,379,-
202 ,223,84,71,10,22,12,36,21,17,35,6,36,24,0,0,0,597,13750
203 ,104,8,26,28,19,84,37,42,19,72,57,21,46,0,0,0,563,36488
204 ,0,0,0,0,0,0,0,0,0,0,0,0,0,0,0,0,0,-
205 ,0,0,0,0,0,0,0,0,0,0,0,10,0,0,0,0,10,-
206 ,0,0,0,0,0,0,0,0,0,26,8,10,17,0,4,0,65,-
207 ,83,45,27,31,0,7,0,27,12,17,0,0,0,0,0,0,249,12306
208 ,22,0,0,14,0,0,0,10,0,33,10,25,36,34,67,0,251,107054
209 ,218,95,18,18,32,73,24,0,34,7,64,4,0,0,0,21,608,-
210 ,60,19,10,7,55,23,8,21,0,26,0,33,15,14,0,16,307,30272
211 ,80,0,16,33,20,0,37,0,0,0,16,30,0,0,0,21,253,24554
212 ,46,21,54,27,40,10,51,0,9,50,65,99,14,0,7,13,506,46111
213 ,39,25,13,13,0,10,0,0,1,38,7,64,37,0,27,12,286,71429
214 ,42,18,29,28,10,74,0,30,0,54,42,58,29,14,13,12,453,44625
215 ,0,0,0,0,0,0,0,0,0,0,0,0,0,0,0,0,0,-
216 ,0,24,0,0,0,0,0,0,0,0,0,0,0,0,0,0,24,-
217 ,60,42,0,13,0,35,9,33,0,0,10,17,10,24,0,0,253,31513
218 ,61,41,45,62,44,56,54,53,0,21,28,18,50,0,0,0,533,30785
219 ,109,94,39,9,19,52,39,22,0,25,85,10,0,11,7,0,521,27841
220 ,61,48,0,0,0,17,20,28,21,29,28,0,24,9,0,0,285,37063
221 ,19,0,0,0,0,0,21,0,0,0,0,9,0,0,0,0,49,-
222 ,66,72,35,43,36,9,0,33,23,56,21,61,58,0,30,5,548,41354
223 ,35,0,6,17,6,5,0,6,0,41,17,30,0,27,5,4,199,58625
224 ,0,47,66,31,0,0,10,0,0,21,38,11,5,27,19,60,335,-
225 ,10,17,0,0,0,0,31,0,0,17,0,22,49,24,12,0,182,79318
226 ,18,0,0,31,0,0,45,0,18,24,42,18,0,49,34,32,311,64620
227 ,17,29,0,11,0,40,9,0,0,6,42,26,24,11,0,7,222,57083
228 ,41,39,64,16,0,122,42,52,17,13,90,143,46,0,0,20,705,41370
229 ,0,0,0,0,0,0,0,0,0,0,0,0,0,0,0,0,0,-
230 ,8,9,0,0,0,0,0,0,0,0,0,14,0,25,0,0,56,-
231 ,0,0,0,0,0,0,0,0,0,0,0,0,0,0,0,0,0,-
232 ,100,80,40,40,32,17,40,20,9,37,44,60,0,0,10,0,529,27852
233 ,99,81,92,20,22,75,7,23,0,0,21,10,0,0,0,8,458,18346
234 ,85,34,14,7,13,24,16,46,17,0,31,32,0,0,0,9,328,32115
235 ,0,0,0,0,0,0,0,0,0,0,0,0,0,0,0,0,0,-
236 ,144,19,57,40,35,30,55,12,0,67,28,36,8,20,0,11,562,26500
237 ,0,0,0,0,0,0,0,0,0,0,0,0,0,0,0,0,0,-
238 ,0,0,0,0,0,0,0,0,0,0,0,0,0,0,0,0,0,-
239 ,18,31,0,8,0,17,15,51,22,11,59,61,130,48,23,8,502,81146
240 ,0,39,11,0,0,8,43,7,7,0,76,87,48,27,66,27,446,84500
241 ,29,22,0,9,17,0,7,15,7,7,132,92,92,67,0,46,542,86328
242 ,106,66,37,34,45,112,38,81,46,31,64,35,0,0,0,4,699,32135
243 ,51,25,53,9,0,23,16,27,16,22,8,15,18,0,0,0,283,30972
244 ,63,0,0,14,21,7,16,0,21,0,0,0,0,0,0,0,142,-
245 ,89,102,65,14,8,22,5,16,37,15,0,0,0,0,0,0,373,14775
246 ,162,9,20,38,22,38,22,0,0,19,10,23,0,0,0,0,363,18813
247 ,49,43,16,50,25,17,31,44,4,23,31,27,12,0,0,0,372,30536
248 ,94,37,50,18,73,28,36,55,31,40,17,14,7,0,0,3,503,29051
249 ,106,101,71,88,0,45,31,10,0,28,18,8,0,0,5,0,511,18692
250 ,276,79,9,0,32,31,56,40,0,28,23,27,0,0,0,15,616,11818
251 ,107,0,9,48,40,0,8,8,46,0,55,11,66,0,54,0,452,45395
252 ,75,53,60,25,19,78,9,17,0,50,0,12,0,0,0,0,398,22500
253 ,185,50,77,135,63,61,75,29,74,39,28,25,26,31,6,8,912,25726
254 ,69,32,22,66,21,17,35,10,27,57,0,54,32,0,0,44,486,36143
255 ,158,70,21,43,38,13,5,11,17,4,0,10,0,9,0,0,399,11921
256 ,74,27,42,47,8,5,0,22,16,15,38,20,7,4,6,9,340,21607
257 ,66,105,21,33,110,19,41,27,0,5,0,0,0,0,0,0,427,23693
258 ,335,115,70,75,38,61,92,12,46,35,51,54,11,15,0,0,1010,18864
259 ,18,0,34,4,18,5,0,17,24,41,68,70,42,39,90,13,483,76488
260 ,114,32,15,7,16,10,0,14,7,32,31,13,0,14,0,0,305,-
261 ,109,28,24,52,14,54,0,31,25,114,107,113,41,7,0,0,719,52446
262 ,150,52,112,48,60,6,0,33,0,55,36,51,0,0,0,0,603,19421
263 ,0,0,0,0,0,0,0,0,0,0,0,0,0,0,0,0,0,-
264 ,42,0,17,0,0,0,0,19,26,37,14,0,22,117,38,0,332,112500
265 ,17,0,26,0,0,0,0,16,0,10,14,31,106,0,59,85,364,111042
266 ,0,0,0,0,11,0,0,11,16,12,88,84,56,15,36,101,430,98409
267 ,0,14,52,0,0,0,0,39,14,30,15,194,103,60,98,48,667,97006
268 ,0,0,16,49,0,53,0,0,91,25,16,118,148,94,12,38,660,96959
269 ,89,117,194,87,0,0,0,16,6,0,34,0,22,37,16,0,618,16936
270 ,78,71,66,0,45,116,0,18,0,0,12,32,46,7,20,0,511,29750
271 ,97,61,12,29,65,29,14,0,50,80,17,0,33,0,0,0,487,27139
272 ,137,69,26,54,33,65,82,14,32,49,0,20,53,0,0,0,634,29848
273 ,57,31,0,12,0,7,0,12,23,11,0,83,0,10,0,0,246,45435
274 ,133,108,93,21,13,17,64,0,5,9,17,34,39,0,11,0,564,16206
275 ,119,17,13,53,33,41,27,0,21,62,30,59,19,13,0,22,529,32458
276 ,0,0,0,0,0,0,0,0,0,0,0,0,0,0,0,0,0,-
277 ,71,22,43,28,14,8,16,35,40,39,52,136,119,25,77,49,774,77672
278 ,11,51,33,30,0,0,0,8,25,61,11,10,57,53,4,33,387,55815
279 ,106,70,77,40,8,20,46,21,17,43,30,56,18,24,0,0,576,24265
280 ,53,69,115,50,63,45,0,50,5,52,68,63,29,8,0,0,670,28295
281 ,169,84,75,11,39,28,84,55,23,56,74,50,10,11,19,39,827,35313
282 ,139,82,47,41,58,10,26,13,20,13,21,0,0,5,0,0,475,16793
283 ,49,109,15,17,0,0,16,0,0,0,0,0,0,0,0,0,206,11688
284 ,121,46,53,0,0,0,98,0,0,20,0,0,0,0,12,0,350,17877
285 ,134,47,0,38,42,0,18,0,38,0,22,0,0,0,0,0,339,-
286 ,118,49,19,23,0,86,13,16,29,76,39,42,17,0,0,0,527,33210
287 ,72,84,16,90,0,0,0,0,0,38,32,31,0,42,0,22,427,21365
288 ,0,0,0,19,0,0,41,0,16,0,15,54,55,41,39,41,321,104653
289 ,220,86,0,19,47,25,68,121,0,51,34,32,26,0,0,0,729,29479
290 ,148,120,80,29,20,36,73,24,32,86,9,41,0,0,0,0,698,22586
291 ,114,31,53,73,0,64,0,62,0,0,0,0,56,0,0,0,453,23476
292 ,68,106,0,25,26,0,0,0,0,103,43,0,0,22,0,0,393,-
293 ,168,159,62,57,30,18,29,90,16,61,58,47,16,14,14,0,839,21338
294 ,199,119,14,164,71,0,0,16,14,0,12,0,0,5,0,0,614,14684
295 ,142,167,37,22,14,36,36,76,0,0,13,0,0,0,0,0,543,14034
296 ,75,58,37,29,49,5,13,16,0,16,14,16,0,0,0,0,328,17095
297 ,110,73,40,79,28,0,8,10,24,11,41,29,0,0,0,0,453,20125
298 ,201,84,115,44,73,26,15,0,0,24,51,37,0,0,0,0,670,16838
299 ,64,23,8,8,34,0,0,23,6,0,0,0,0,28,0,0,194,23125
300 ,80,128,47,93,37,16,30,14,35,29,0,16,13,0,0,0,538,20625
301 ,35,0,43,28,50,0,50,44,0,25,37,61,31,0,0,0,404,39744
302 ,141,81,7,48,3,44,33,15,0,21,49,40,26,13,0,0,521,21969
303 ,39,17,11,0,0,27,19,0,6,0,22,60,23,0,22,0,246,68750
304 ,118,25,0,0,31,0,26,24,41,82,36,0,33,0,0,15,431,44115
305 ,106,113,96,35,19,38,33,14,7,26,65,42,50,24,0,0,668,23857
306 ,71,21,50,42,15,19,13,25,0,17,23,38,7,39,6,0,386,29000
307 ,21,16,27,0,0,22,0,0,25,10,82,21,36,28,3,29,320,69167
308 ,51,48,13,5,28,12,11,11,7,46,75,79,73,39,27,45,570,71250
309 ,164,143,125,32,16,12,38,11,18,62,33,58,20,12,62,0,806,19094
310 ,155,29,0,0,0,54,0,24,0,9,13,0,25,0,0,8,317,-
311 ,152,28,42,42,26,0,15,7,56,32,10,9,13,14,8,0,454,22798
312 ,208,118,75,81,49,44,0,34,22,16,30,25,23,0,0,0,725,17908
313 ,87,65,51,0,41,2,29,6,12,16,25,48,0,5,0,0,387,-
314 ,19,32,58,15,0,10,107,0,18,48,0,11,0,29,0,0,347,36452
315 ,83,123,46,26,78,57,0,22,0,44,0,18,0,0,0,0,497,19663
316 ,49,0,0,21,46,18,16,28,21,70,76,39,0,16,38,20,458,51531
317 ,20,32,4,9,23,8,13,25,13,31,30,62,35,36,42,17,400,67115
318 ,111,103,79,15,30,26,10,35,11,2,18,21,15,0,9,0,485,17525
319 ,91,11,16,9,6,0,0,0,0,4,6,0,5,0,0,0,148,8672
320 ,0,0,0,0,0,0,0,0,0,0,0,0,0,0,0,0,0,-
321 ,16,14,68,12,47,31,0,21,29,11,49,99,66,38,106,78,685,86266
322 ,15,19,0,0,8,0,0,0,12,0,23,25,47,0,0,38,187,98583
323 ,49,0,0,62,0,16,54,8,14,17,39,90,36,54,13,14,466,67833
324 ,10,0,8,13,0,0,0,11,0,0,30,77,41,12,0,0,202,81121
325 ,108,28,0,0,8,30,0,41,14,26,51,8,8,0,0,0,322,32024
326 ,252,31,46,0,21,24,43,35,29,52,23,13,0,13,0,0,582,15606
327 ,92,52,12,57,60,0,0,10,0,25,18,11,10,0,0,0,347,21823
328 ,213,66,59,20,29,0,6,0,0,8,30,33,9,12,0,0,485,11941
329 ,18,25,24,19,5,34,5,4,5,0,18,37,18,2,27,16,257,-
330 ,3,13,3,39,37,5,9,0,0,20,6,43,38,41,15,28,300,76172
331 ,0,0,0,0,0,0,0,0,0,0,0,0,0,0,0,0,0,-
332 ,6,12,11,25,21,14,34,27,11,24,55,58,48,13,31,26,416,65000
333 ,92,38,14,28,50,17,16,4,0,25,38,24,1,0,7,0,354,25431
334 ,23,25,4,5,38,8,26,16,12,22,46,83,36,64,70,28,506,81143
335 ,25,12,29,18,15,0,0,8,30,11,22,10,21,23,0,32,256,48676
336 ,25,23,0,32,16,29,21,42,5,14,26,22,0,5,0,0,260,35781
337 ,142,71,70,86,49,76,51,9,22,52,32,3,0,0,0,0,663,23355
338 ,120,62,44,14,38,30,27,8,7,26,41,50,0,8,5,0,480,25000
339 ,0,0,0,0,0,0,0,0,0,0,0,0,0,0,0,0,0,-
340 ,43,0,45,34,0,33,0,0,13,72,0,30,21,42,0,0,333,49712
341 ,73,7,0,23,50,15,0,0,48,83,0,0,0,0,0,0,299,-
342 ,91,63,214,58,5,0,0,0,10,2,0,0,3,0,39,0,485,16357
343 ,242,261,44,118,0,87,47,17,15,22,0,0,30,0,0,0,883,13995
344 ,86,0,24,0,30,37,0,51,0,25,26,0,22,0,0,0,301,33209
345 ,102,116,0,11,49,67,40,19,0,0,29,0,0,0,0,0,433,-
346 ,81,21,62,0,79,0,45,52,0,73,66,47,0,9,0,11,546,37500
347 ,89,154,94,0,21,13,6,14,20,126,12,56,87,0,0,17,709,-
348 ,56,37,74,76,0,56,18,0,0,3,24,0,0,0,0,0,344,20321
349 ,81,18,33,0,21,47,0,0,0,4,39,0,0,0,0,0,243,-
350 ,83,86,97,69,43,16,20,0,10,0,141,9,32,0,14,53,673,25170
351 ,115,11,8,18,23,10,0,0,15,0,25,0,0,0,0,0,225,-
352 ,8,16,24,65,20,40,7,16,0,18,9,73,0,0,0,0,296,30938
353 ,110,9,15,23,0,23,8,0,0,25,17,24,7,10,22,0,293,23859
354 ,49,8,32,51,32,0,8,0,46,69,18,43,77,24,0,0,457,50216
355 ,61,9,35,24,61,0,0,24,25,20,8,29,37,22,0,0,355,27917
356 ,148,82,65,25,27,0,9,48,43,31,38,0,0,22,0,0,538,16773
357 ,154,67,107,22,73,53,75,49,20,125,88,39,48,0,22,0,942,34375
358 ,24,11,42,47,0,0,0,0,0,0,0,0,41,0,0,0,165,20344
359 ,117,34,89,65,34,68,29,47,0,71,22,42,0,0,0,0,618,27794
360 ,198,54,101,0,21,29,17,72,0,75,15,27,0,0,4,0,613,18239
361 ,54,23,38,0,39,0,12,0,35,29,18,0,0,0,0,0,248,28077
362 ,32,62,0,0,10,21,22,33,13,15,0,23,26,0,0,0,257,35398
363 ,99,47,27,40,34,8,0,49,27,25,39,65,0,0,9,0,469,28162
364 ,86,36,21,7,0,0,5,0,0,19,17,6,0,16,0,0,213,13155
365 ,74,23,29,17,54,0,7,37,18,21,30,6,0,12,0,0,328,26694
366 ,35,0,41,7,49,86,28,10,12,6,27,14,19,0,12,7,353,31294
367 ,59,59,18,13,47,8,42,29,0,60,0,45,7,25,0,0,412,37619
368 ,29,40,11,0,0,28,24,38,32,8,39,24,0,39,0,0,312,42941
369 ,47,0,0,74,48,21,65,21,33,45,37,59,59,0,0,0,509,39904
370 ,205,197,84,32,13,55,20,4,14,56,46,55,59,52,0,0,892,16486
371 ,63,71,60,0,36,65,9,37,0,36,84,9,53,0,0,0,523,33477
372 ,60,48,36,46,29,56,0,46,21,8,42,44,25,32,36,24,553,40313
373 ,74,67,39,12,106,49,5,20,35,35,34,93,0,0,0,0,569,29063
374 ,96,34,7,6,8,47,8,29,0,28,0,21,0,0,0,7,291,28281
375 ,23,74,45,23,55,27,17,5,0,32,24,21,23,8,17,19,413,28650
376 ,29,20,42,40,19,0,13,0,0,55,37,59,8,47,18,6,393,56359
377 ,10,0,10,0,22,0,17,27,0,8,49,30,61,10,7,15,266,62438
378 ,39,8,12,37,27,10,9,0,39,22,16,50,87,85,19,11,471,89219
379 ,32,16,49,11,0,7,8,0,22,5,40,19,34,10,23,15,291,50250
380 ,124,73,61,45,119,51,14,101,17,129,61,16,0,0,0,0,811,29083
381 ,65,33,32,48,0,26,0,0,70,24,47,36,0,2,0,0,383,-
382 ,155,75,17,114,24,27,26,0,0,65,91,0,22,28,0,0,644,21645
383 ,52,44,95,0,15,97,0,35,0,0,38,55,0,0,0,0,431,30354
384 ,116,0,0,0,38,0,31,28,0,56,50,19,0,0,0,0,338,38710
385 ,132,126,42,0,31,20,0,25,36,0,49,136,0,0,0,0,597,-
386 ,135,170,35,72,80,0,47,54,21,79,51,35,16,0,0,18,813,24628
387 ,189,86,77,0,92,60,16,46,0,34,67,54,165,0,0,0,886,29932
388 ,257,107,19,55,22,17,21,0,0,94,0,7,0,0,0,0,599,12906
389 ,146,20,30,110,93,64,40,55,0,88,0,61,26,18,0,7,758,27727
390 ,22,25,78,0,63,9,0,0,7,58,0,0,0,0,15,0,277,28036
391 ,233,101,98,0,105,16,18,0,0,0,31,0,22,0,0,0,624,14396
392 ,178,23,0,29,23,0,15,0,0,61,34,32,0,0,0,0,395,-
393 ,69,53,30,46,28,37,23,7,32,85,64,116,38,43,38,21,730,55833
394 ,125,175,101,28,86,36,15,38,0,126,47,0,52,19,0,0,848,24554
395 ,129,58,30,90,41,41,65,27,102,36,37,105,51,19,0,10,841,38712
396 ,181,120,86,18,109,14,33,88,0,0,60,59,16,14,0,0,798,24167
397 ,34,11,0,0,58,24,33,18,34,0,58,0,0,0,15,0,285,38674
398 ,104,100,125,34,52,20,36,0,47,33,12,52,24,0,39,0,678,20735
399 ,204,85,60,29,28,52,0,63,0,0,0,23,0,0,0,41,585,15168
400 ,68,35,18,59,13,34,31,0,0,11,103,71,8,0,0,0,451,34856
401 ,28,69,0,15,0,45,16,32,0,36,26,0,5,0,0,0,272,33056
402 ,45,106,0,0,8,0,0,0,23,18,15,30,0,0,0,0,245,12964
403 ,14,25,79,13,18,0,18,28,0,0,13,114,0,21,0,0,343,-
404 ,62,30,119,32,13,45,0,13,94,26,0,11,25,15,0,25,510,29808
405 ,55,0,75,0,0,0,0,38,28,0,18,0,15,0,0,0,229,-
406 ,22,131,151,58,34,25,34,29,46,91,47,0,47,20,27,0,762,28125
407 ,72,19,28,50,0,30,24,17,31,36,10,140,27,0,0,15,499,46250
408 ,42,27,14,90,46,0,0,0,26,17,0,62,31,29,0,33,417,-
409 ,26,67,7,13,14,6,5,52,39,25,34,59,39,0,12,39,437,49327
410 ,8,0,13,11,7,14,0,0,13,11,0,0,0,0,0,0,77,27321
411 ,13,28,43,11,30,42,8,18,11,21,57,54,47,17,7,0,407,49886
412 ,0,21,86,65,25,87,0,32,33,59,18,51,64,9,18,0,568,38750
413 ,15,29,70,60,23,13,17,27,20,36,7,66,33,7,0,0,423,37721
414 ,97,72,31,38,0,45,7,105,14,28,0,18,7,0,19,0,481,30139
415 ,84,49,49,28,0,30,10,29,0,9,56,28,0,0,11,21,404,23947
416 ,9,50,40,9,25,0,33,21,15,0,57,28,50,1,7,4,349,41118
417 ,100,86,24,30,33,20,21,17,46,42,22,9,13,24,15,0,502,26146
418 ,45,0,26,0,14,23,47,0,16,0,59,0,1,5,5,19,260,38311
419 ,59,12,0,0,54,0,8,59,9,63,0,53,0,0,3,0,320,41144
420 ,14,38,10,10,25,42,29,5,7,66,96,36,52,10,0,14,454,52350
421 ,86,70,23,24,0,41,36,0,0,45,11,29,45,5,0,0,415,30274
422 ,257,268,75,27,27,45,78,101,56,8,67,31,0,0,0,0,1040,14833
423 ,195,80,124,12,81,31,11,19,0,42,7,53,0,0,27,0,682,16941
424 ,129,0,38,0,81,0,27,0,0,30,70,132,48,0,72,0,627,67804
425 ,210,62,44,29,28,13,0,0,0,17,10,31,7,0,0,6,457,10984
426 ,0,0,0,0,28,5,11,8,0,5,4,5,0,0,5,0,71,38068
427 ,81,61,34,27,5,13,4,0,6,16,6,39,0,0,44,0,336,18667
428 ,40,50,27,40,0,0,0,10,8,17,39,146,11,25,7,0,420,72614
429 ,80,8,38,29,27,39,8,0,22,31,15,67,40,16,7,35,462,45227
430 ,94,0,38,38,44,0,18,13,0,0,8,20,0,0,0,0,273,20363
431 ,70,45,12,25,6,9,0,0,18,32,20,11,11,0,0,0,259,22750
432 ,42,24,56,33,18,9,43,20,32,8,80,13,30,0,0,0,408,37614
433 ,39,69,58,36,0,61,10,13,64,35,175,35,26,0,0,0,621,45957
434 ,83,60,59,19,17,14,0,14,18,72,0,38,17,64,43,0,518,41250
435 ,0,0,0,0,0,0,0,35,0,12,0,0,0,0,0,0,47,-
436 ,0,0,0,0,0,0,0,45,0,0,43,64,0,31,0,0,183,80583
437 ,153,111,34,66,31,197,66,76,113,301,131,274,176,64,0,0,1793,51201
438 ,32,41,15,97,0,18,46,48,125,17,109,15,88,57,18,0,726,46813
439 ,101,0,0,22,18,45,30,28,28,0,122,37,145,0,0,0,576,60690
440 ,18,59,0,72,0,32,0,25,0,18,119,15,0,13,0,0,371,40450
441 ,0,0,0,0,0,75,0,19,0,43,46,12,23,0,0,0,218,54205
442 ,0,0,0,0,0,0,0,0,0,0,0,0,0,0,0,0,0,-
443 ,34,0,30,0,0,34,34,0,54,51,95,97,115,20,0,0,564,62394
444 ,0,0,15,12,0,0,0,0,15,8,66,45,15,0,0,13,189,67060
445 ,51,18,107,12,61,103,18,65,0,15,54,132,31,13,0,0,680,34595
446 ,79,0,0,83,36,67,13,40,43,16,113,139,27,60,17,51,784,64583
447 ,15,0,17,15,0,0,16,19,0,61,35,70,18,0,40,0,306,61563
448 ,95,59,29,39,47,0,9,0,47,22,30,28,59,9,0,0,473,26208
449 ,76,64,61,51,65,20,33,25,41,19,30,70,0,0,0,0,555,27943
450 ,127,83,32,39,37,0,9,16,0,38,8,8,19,0,0,0,416,14891
451 ,65,9,30,0,80,28,26,0,55,9,38,9,0,0,0,0,349,28869
452 ,0,0,5,29,0,23,40,18,24,80,36,0,46,19,0,0,320,50656
453 ,16,14,0,0,53,0,0,0,21,13,25,13,14,0,0,0,169,45179
454 ,59,13,56,0,0,80,74,24,0,134,134,129,50,86,0,0,839,58615
455 ,11,17,15,0,0,15,54,30,39,49,148,95,14,0,18,0,505,60893
456 ,0,46,75,0,18,16,0,0,0,19,56,29,0,14,46,0,319,-
457 ,21,60,0,0,0,0,0,5,9,0,4,9,0,0,0,0,108,13533
458 ,57,66,44,7,12,0,17,28,10,25,26,31,11,0,0,16,350,27708
459 ,78,124,88,35,30,0,17,0,14,66,102,50,47,0,0,0,651,-
460 ,142,23,0,43,0,0,69,17,18,97,24,0,0,0,0,0,433,35417
461 ,38,0,19,0,0,33,0,29,20,0,15,4,0,0,0,0,158,31667
462 ,20,35,112,117,65,51,7,51,63,90,89,93,0,0,0,0,793,32328
463 ,170,53,46,25,25,44,51,0,36,14,12,36,0,0,0,0,512,16793
464 ,121,21,63,41,16,0,35,51,8,43,0,24,33,0,0,0,456,22632
465 ,26,18,30,21,44,8,0,9,22,27,66,41,55,16,28,0,411,60060
466 ,127,65,48,59,0,9,32,24,35,95,0,7,9,0,0,0,510,23136
467 ,147,61,70,41,47,0,46,10,29,26,15,80,0,0,0,0,572,21000
468 ,151,50,26,16,30,30,0,0,20,13,13,9,12,22,0,0,392,14750
469 ,96,110,23,0,13,0,0,0,0,19,33,0,0,0,0,0,294,12161
470 ,21,26,85,65,56,17,8,6,15,27,9,8,11,0,26,0,380,24657
471 ,114,71,83,50,57,23,108,16,0,0,52,52,22,0,0,0,648,25417
472 ,115,47,45,35,73,30,9,0,10,28,9,47,18,19,9,0,494,25347
473 ,17,28,49,22,33,0,19,30,27,0,0,0,9,0,19,0,253,26544
474 ,10,44,0,30,0,4,0,52,25,19,17,0,0,0,0,6,207,41211
475 ,0,0,0,0,0,0,0,0,0,0,0,56,0,0,0,0,56,-
476 ,58,42,0,16,108,0,63,27,76,31,122,85,30,0,9,0,667,45774
477 ,206,56,50,35,72,62,50,91,56,108,149,105,64,26,16,0,1146,42283
478 ,20,8,27,0,0,9,32,22,0,0,15,30,52,0,24,0,239,-
479 ,127,0,0,38,38,0,14,16,0,17,0,58,7,0,9,0,324,22303
480 ,143,88,117,68,24,37,47,40,36,28,78,0,0,17,6,0,729,21964
481 ,109,65,36,0,23,0,15,0,0,53,16,29,0,0,0,26,372,16364
482 ,46,17,10,20,25,27,0,0,37,0,31,0,26,0,0,0,239,32639
483 ,66,32,36,17,17,24,0,9,17,29,72,24,0,0,18,0,361,31302
484 ,38,129,108,34,41,0,0,0,22,0,22,4,29,21,0,0,448,18097
485 ,56,19,55,89,67,78,24,0,6,120,72,108,40,17,0,0,751,36198
486 ,60,38,75,0,85,0,53,0,0,68,61,23,91,0,38,0,592,36792
487 ,91,32,0,30,0,25,0,39,22,64,0,64,0,0,0,0,367,40353
488 ,24,0,0,0,0,0,0,0,15,0,28,41,39,0,21,0,168,82024
489 ,66,80,36,31,8,12,26,16,0,23,28,37,13,10,11,0,397,23092
490 ,72,63,58,14,72,40,30,26,24,11,22,28,9,22,0,0,491,26458
491 ,23,28,31,19,12,9,0,23,16,0,15,29,24,0,0,0,229,30417
492 ,73,59,18,0,65,52,0,51,39,17,0,54,10,28,0,0,466,30865
493 ,128,17,79,48,24,59,0,0,20,28,53,30,13,4,0,0,503,22218
494 ,113,148,66,77,85,30,17,15,0,17,64,29,21,10,0,11,703,21075
495 ,122,93,73,33,27,9,0,21,6,9,8,43,0,0,0,0,444,15500
496 ,124,11,84,63,40,0,0,91,31,30,19,11,0,9,0,0,513,22875
497 ,0,54,43,44,39,3,15,27,7,16,79,63,28,17,0,17,452,47857
498 ,18,27,15,6,15,10,0,0,12,0,28,14,7,14,14,0,180,-
499 ,36,24,0,16,8,29,7,0,10,8,5,37,10,8,0,0,198,33056
500 ,9,30,43,42,17,14,8,50,0,13,24,70,0,0,0,0,320,36563
501 ,27,47,39,33,0,52,0,5,9,32,0,0,8,0,0,0,252,21806
502 ,165,14,25,53,0,0,35,25,17,31,35,42,0,0,5,0,447,21950
503 ,114,17,80,18,103,0,0,0,30,131,73,32,0,0,0,0,598,28942
504 ,94,92,71,60,22,28,18,28,0,51,24,30,1,10,0,8,537,20757
505 ,130,17,10,18,53,38,0,65,47,34,55,83,8,8,0,10,576,41774
506 ,72,8,11,21,27,55,12,10,19,56,118,67,58,7,10,9,560,58553
507 ,38,66,30,35,30,9,23,25,0,25,18,10,36,28,0,0,373,28355
508 ,156,72,24,44,54,71,21,24,73,39,108,107,35,35,80,11,954,45598
509 ,0,0,59,0,29,0,25,21,0,82,33,7,26,0,0,0,282,55243
510 ,88,48,26,9,33,31,23,20,30,46,54,28,54,7,17,0,514,39688
511 ,145,17,96,23,90,53,54,37,51,80,94,96,53,43,44,17,993,43458
512 ,20,53,43,0,159,0,31,0,20,0,47,66,14,0,0,0,453,28653
513 ,125,36,23,16,33,55,0,100,0,32,0,30,0,0,0,0,450,26894
514 ,100,17,11,68,11,0,35,0,0,93,57,45,0,0,0,0,437,35821
515 ,36,0,0,39,53,0,0,0,0,0,41,50,0,0,0,0,219,-
516 ,151,0,0,0,0,28,26,0,0,34,0,20,0,0,0,0,259,-
517 ,45,44,7,99,42,88,0,35,46,42,42,0,0,0,18,36,544,31509
518 ,64,53,27,0,0,42,58,23,0,32,45,25,15,0,10,0,394,35655
519 ,73,157,46,50,63,75,33,13,32,31,82,38,8,0,18,0,719,28829
520 ,171,23,114,26,47,32,49,25,23,65,64,44,32,0,18,0,733,28792
521 ,147,85,52,28,0,54,16,48,0,102,25,19,38,0,0,0,614,23438
522 ,71,50,60,5,32,19,45,41,27,61,80,47,8,13,9,28,596,43106
523 ,22,82,0,74,0,0,39,22,39,12,25,166,26,52,10,0,569,51354
524 ,0,0,45,34,115,47,12,68,15,17,105,104,63,50,44,0,719,60301
525 ,71,34,8,0,75,20,47,26,9,114,103,63,52,37,0,0,659,51110
526 ,44,40,14,12,0,35,74,0,21,45,59,91,0,0,0,0,435,37449
527 ,39,114,32,55,0,57,0,25,20,0,7,0,0,40,9,6,404,22683
528 ,73,47,82,2,0,52,6,77,5,22,0,40,23,0,0,0,429,31641
529 ,23,42,30,9,39,2,0,27,0,0,15,36,9,0,0,4,236,27768
530 ,36,26,18,13,0,0,9,66,42,52,25,15,14,21,0,0,337,47530
531 ,79,71,9,23,54,32,53,12,14,5,0,46,0,0,0,0,398,25787
532 ,115,37,36,46,8,14,75,21,10,13,19,41,0,0,20,0,455,22147
533 ,41,17,38,22,28,0,20,10,12,42,26,28,0,1,0,0,285,29688
534 ,36,66,43,32,9,15,29,15,6,25,48,19,0,0,0,0,343,24276
535 ,113,15,47,33,10,7,18,0,14,29,65,15,25,0,52,0,443,-
536 ,32,8,44,68,40,21,32,42,24,31,47,27,69,0,25,0,510,40758
537 ,110,68,35,5,53,34,13,4,24,42,46,19,0,5,4,0,462,26477
538 ,17,36,25,24,9,25,13,11,6,64,28,63,33,18,20,0,392,53462
539 ,39,46,0,55,5,32,11,33,10,16,44,72,54,0,6,16,439,44821
540 ,84,9,8,41,38,33,0,9,0,10,23,8,0,0,0,0,263,23906
541 ,63,38,26,22,43,28,18,101,13,86,11,42,0,0,0,0,491,40276
542 ,157,32,91,7,53,0,0,20,31,0,22,24,11,0,0,0,448,16232
543 ,180,19,28,9,0,0,46,0,0,38,0,19,0,0,0,0,339,-
544 ,38,67,42,21,26,40,0,50,20,32,4,19,0,7,39,0,405,30531
545 ,87,78,84,56,30,63,9,45,24,61,18,4,4,3,0,0,566,21667
546 ,63,117,39,42,42,8,43,25,51,35,46,24,9,0,0,0,544,26196
547 ,40,61,62,25,9,26,7,0,23,0,13,11,9,0,0,0,286,17333
548 ,15,62,16,0,22,0,23,0,34,50,20,40,0,0,0,0,282,47721
549 ,136,109,88,24,90,55,63,12,16,8,28,20,33,0,0,0,682,21250
550 ,61,57,98,81,6,8,14,9,31,7,9,0,0,0,0,8,389,19089
551 ,33,36,48,36,34,15,8,8,8,0,37,0,14,0,0,0,277,23188
552 ,57,63,0,32,24,10,14,15,8,35,23,23,0,0,19,0,323,28490
553 ,73,40,39,0,5,3,35,17,8,23,20,31,18,0,7,9,328,35769
554 ,41,21,18,28,0,18,0,10,22,52,5,28,49,0,0,10,302,49205
555 ,37,34,40,7,27,57,7,0,10,35,14,26,9,23,11,0,337,32176
556 ,88,58,84,73,77,41,9,17,34,54,40,164,25,9,0,0,773,30478
557 ,64,72,27,0,0,5,23,14,23,0,14,43,64,0,15,0,364,38269
558 ,17,0,113,44,36,30,6,0,48,0,33,7,0,8,0,0,342,24830
559 ,40,33,43,67,23,23,0,24,10,34,0,15,0,0,0,0,312,23125
560 ,172,33,92,168,9,107,25,8,7,0,0,13,19,0,0,10,663,20846
561 ,41,97,46,9,26,0,13,29,22,26,47,32,25,0,0,13,426,-
562 ,0,0,0,0,0,0,0,12,0,18,6,0,0,0,0,0,36,53333
563 ,55,13,0,19,3,6,43,28,16,42,48,16,59,8,6,7,369,55170
564 ,72,41,12,26,18,13,31,8,12,48,27,74,18,6,8,0,414,39375
565 ,79,48,21,89,0,24,0,67,41,12,29,0,0,0,0,0,410,23049
566 ,125,61,0,0,0,17,37,39,0,0,74,105,0,0,0,0,458,36757
567 ,35,53,133,0,46,30,0,25,0,23,28,46,0,0,0,0,419,18802
568 ,240,52,96,27,14,28,0,0,25,27,0,18,32,0,0,0,559,11899
569 ,82,0,38,14,0,45,0,38,0,0,0,86,15,0,24,0,342,32056
570 ,102,82,29,36,0,0,29,32,0,25,0,0,16,63,0,0,414,16983
571 ,22,50,12,88,33,47,39,33,0,87,63,52,7,24,25,0,582,40000
572 ,8,28,11,10,54,24,0,18,0,0,32,0,0,6,0,0,191,28063
573 ,66,31,29,63,28,50,0,0,20,0,19,20,60,0,0,0,386,25357
574 ,33,45,17,9,7,18,27,0,25,28,0,9,32,0,0,0,250,34444
575 ,32,79,45,78,20,12,27,33,15,49,46,15,0,0,0,0,451,23750
576 ,68,99,40,0,21,37,9,27,9,37,50,28,0,0,0,0,425,28155
577 ,20,38,51,38,0,0,0,16,17,19,19,0,0,0,0,0,218,20000
578 ,91,26,66,19,57,0,29,24,25,0,30,50,9,0,18,0,444,26724
579 ,167,48,75,100,34,21,0,0,7,36,24,0,24,0,0,0,536,17609
580 ,137,66,54,19,59,8,32,18,0,8,28,34,0,15,0,0,478,18333
581 ,76,54,80,7,37,19,18,0,27,55,23,9,0,0,0,0,405,19688
582 ,59,120,45,22,75,62,33,8,0,46,0,15,35,0,8,0,528,26552
583 ,14,37,28,14,22,33,0,23,16,26,56,44,29,22,11,4,379,51042
584 ,18,3,37,7,8,31,18,19,0,67,34,49,49,39,13,20,412,55833
585 ,179,116,53,31,16,0,31,45,31,21,19,0,24,0,15,0,581,14766
586 ,23,16,68,17,8,7,34,7,22,33,32,38,0,7,0,0,312,37361
587 ,74,63,8,36,13,16,0,0,16,0,25,0,0,0,8,0,259,14702
588 ,78,48,29,35,16,39,13,34,32,17,24,24,0,25,0,0,414,30064
589 ,200,53,20,6,13,0,38,15,79,79,0,57,0,0,0,12,572,28846
590 ,45,0,48,0,0,0,12,11,27,0,9,0,0,0,0,0,152,18534
591 ,63,67,29,37,19,34,58,0,31,14,50,28,24,0,0,0,454,31154
592 ,43,5,22,11,21,0,0,26,21,43,15,42,6,56,28,28,367,56713
593 ,11,28,12,5,11,5,31,0,10,22,60,47,44,14,16,59,375,66250
594 ,31,36,11,0,23,17,15,48,16,28,8,16,35,11,5,0,300,41250
595 ,69,7,26,35,27,38,12,32,26,77,31,58,14,0,0,0,452,43148
596 ,15,10,0,0,38,0,0,37,43,0,47,8,31,53,8,8,298,66875
597 ,60,57,0,36,13,45,0,9,20,40,24,0,95,40,26,33,498,50750
598 ,0,0,29,18,0,18,0,14,38,28,63,40,31,32,22,18,351,65888
599 ,0,0,0,0,0,0,0,0,0,0,0,0,0,0,0,0,0,-
600 ,37,0,94,25,18,0,50,10,32,22,29,77,61,26,39,46,566,59167
601 ,42,17,0,0,0,9,9,11,40,8,42,98,35,21,24,62,418,82279
602 ,132,22,30,61,24,39,98,0,0,0,0,67,23,0,0,0,496,25313
603 ,32,31,29,0,49,0,42,55,0,25,0,0,0,0,0,0,263,29515
604 ,21,0,42,15,0,48,0,15,0,0,16,0,14,0,25,19,215,34036
605 ,12,0,41,0,0,50,0,0,0,0,0,24,0,0,26,0,153,-
606 ,116,40,49,68,49,0,29,31,54,16,51,19,0,0,0,0,522,22059
607 ,73,0,29,10,0,0,0,0,0,0,0,0,0,0,11,0,123,-
608 ,120,28,9,14,57,0,14,61,0,0,47,12,0,0,0,23,385,25943
609 ,15,5,45,5,54,21,32,27,18,5,56,47,41,36,39,13,459,60313
610 ,61,5,13,16,28,18,37,23,0,23,35,47,41,25,48,18,438,56364
611 ,92,87,22,78,40,25,22,26,8,53,155,29,8,0,0,14,659,32986
612 ,64,42,41,94,50,13,0,39,0,20,71,40,15,0,0,16,505,25991
613 ,91,23,37,23,66,14,33,24,10,48,55,15,16,0,0,0,455,29238
614 ,36,0,31,30,48,39,28,24,0,57,23,0,11,0,0,0,327,31713
615 ,39,31,17,17,13,22,8,14,30,52,76,39,40,18,16,0,432,51953
616 ,22,5,28,7,8,15,13,4,33,38,54,15,26,19,22,10,319,54438
617 ,203,68,70,64,37,79,0,0,73,137,0,35,42,0,0,0,808,24948
618 ,76,147,141,75,13,0,97,104,51,34,18,0,56,0,0,0,812,22500
619 ,33,118,38,89,75,16,0,100,0,91,0,65,0,0,38,0,663,28547
620 ,4,31,40,25,33,4,62,34,11,8,49,32,44,8,8,0,393,38958
621 ,36,5,0,45,6,0,5,45,0,20,12,6,61,7,0,0,248,42857
622 ,112,95,26,52,57,34,39,16,41,90,22,56,7,0,0,26,673,29736
623 ,37,5,30,39,32,30,37,44,62,46,170,157,164,36,68,34,991,70956
624 ,154,14,35,49,0,0,41,49,5,18,0,13,0,0,0,0,378,19000
625 ,74,0,0,37,118,0,15,0,17,0,35,0,0,0,0,0,296,27056
626 ,56,15,84,33,97,0,33,69,157,94,29,53,0,12,0,0,732,41739
627 ,48,47,0,0,51,0,0,0,0,30,0,30,0,46,0,0,252,-
628 ,129,49,53,29,19,0,0,0,92,27,42,36,0,0,37,0,513,-
629 ,0,18,0,17,32,51,19,0,17,0,129,127,84,15,28,29,566,77500
630 ,60,15,16,0,0,0,19,12,0,0,0,77,39,38,17,16,309,82257
631 ,0,51,0,17,0,0,0,0,20,77,49,90,50,13,11,0,378,61765
632 ,89,13,53,17,16,93,0,21,62,77,48,48,126,0,35,47,745,50759
633 ,36,93,99,46,78,0,20,0,0,42,96,39,7,15,40,0,611,26676
634 ,20,71,96,98,29,99,28,44,0,0,0,146,0,0,0,0,631,30099
635 ,31,71,80,19,0,0,69,38,7,67,35,69,0,23,0,42,551,40362
636 ,117,44,40,14,0,17,0,34,0,39,0,0,0,0,0,0,305,12017
637 ,7,29,18,79,32,44,7,50,10,71,111,139,56,42,28,0,723,60863
638 ,24,22,26,20,12,23,14,7,29,20,23,38,26,31,0,0,315,45819
639 ,0,24,7,0,0,23,0,23,28,77,73,9,24,36,0,0,324,59167
640 ,187,196,42,17,59,17,0,15,29,66,0,184,64,0,76,0,952,26441
641 ,0,18,18,0,16,18,0,95,39,32,68,27,16,49,12,13,421,58008
642 ,13,31,55,32,82,35,0,0,0,0,78,67,13,14,19,37,476,-
643 ,18,90,37,0,50,47,0,16,16,0,72,20,0,0,0,11,377,29549
644 ,18,0,0,0,37,0,0,0,42,0,11,95,0,0,27,0,230,80833
645 ,40,0,21,34,44,32,35,11,0,16,72,82,77,0,26,9,499,61875
646 ,132,93,79,33,30,5,10,22,30,20,36,52,0,19,0,0,561,19052
647 ,54,25,7,52,0,0,7,0,35,28,0,0,0,12,0,0,220,23654
648 ,98,34,65,47,120,50,54,6,0,131,13,24,24,0,13,0,679,29058
649 ,41,85,48,12,31,37,0,0,0,24,15,83,0,0,0,0,376,25357
650 ,83,31,17,15,0,0,39,40,0,33,47,67,24,0,46,0,442,42250
651 ,25,0,30,0,0,0,0,15,17,0,8,70,14,0,6,0,185,66719
652 ,52,0,0,0,52,9,31,32,14,35,50,28,15,25,0,0,343,44648
653 ,90,32,60,23,0,41,0,0,0,55,90,80,9,0,15,30,525,55521
654 ,130,71,0,61,20,21,52,0,59,0,25,112,12,7,0,0,570,32857
655 ,84,41,39,22,0,72,43,0,0,61,20,78,81,0,0,16,557,37440
656 ,28,0,10,19,43,12,26,14,24,0,23,28,39,0,0,0,266,39306
657 ,42,29,29,69,18,56,64,0,23,31,9,43,0,0,0,0,413,31283
658 ,59,0,21,41,51,65,57,0,0,138,180,76,33,0,9,0,730,54899
659 ,195,45,54,11,113,19,20,40,86,19,69,72,38,0,21,0,802,27308
660 ,42,0,134,87,14,9,15,45,87,38,69,70,74,23,24,0,731,45707
661 ,4,8,0,0,8,7,36,0,67,16,17,35,9,23,28,38,296,68125
662 ,0,34,8,14,6,0,14,0,0,17,40,80,95,8,8,0,324,78454
663 ,8,14,47,6,19,0,0,7,14,16,107,138,86,16,84,105,667,93958
664 ,19,0,38,50,0,0,9,6,0,13,40,115,40,35,42,10,417,86280
665 ,0,0,0,0,0,0,0,0,0,0,0,0,0,0,0,0,0,-
666 ,20,52,9,16,32,26,15,9,23,37,43,14,80,43,50,60,529,72031
667 ,0,32,0,29,26,0,0,13,9,11,7,79,45,0,0,9,260,77768
668 ,9,0,39,0,46,0,9,27,17,39,111,33,43,93,44,0,510,64722
669 ,0,0,0,0,0,0,0,0,0,0,0,0,0,0,0,0,0,-
670 ,4,0,0,0,0,0,0,0,0,4,4,4,0,0,0,0,16,60000
671 ,74,56,10,70,36,58,13,13,31,66,14,14,29,0,0,0,484,28333
672 ,15,0,64,17,16,18,10,0,23,22,51,9,101,53,12,0,411,61830
673 ,0,33,11,13,0,10,0,47,0,11,0,25,0,12,0,0,162,40921
674 ,189,54,0,57,47,43,25,0,23,94,21,38,60,0,0,0,651,26875
675 ,0,17,0,0,23,15,0,0,16,121,0,64,24,67,0,0,347,57335
676 ,0,0,25,21,0,37,25,21,0,40,61,101,0,0,0,22,353,61172
677 ,69,16,0,0,77,39,0,60,0,72,50,103,0,47,0,13,546,51250
678 ,47,15,17,13,0,58,15,35,87,0,29,107,34,32,61,0,550,47692
679 ,53,0,0,11,17,0,0,0,24,32,36,16,51,0,52,0,292,70250
680 ,41,0,0,72,0,0,38,0,0,22,137,167,0,0,0,0,477,66823
681 ,68,55,46,0,9,66,43,19,8,25,106,117,61,18,18,8,667,52708
682 ,18,0,35,33,0,21,26,18,38,61,114,47,7,25,0,0,443,54440
683 ,11,21,10,28,36,8,48,9,26,20,113,74,111,0,0,60,575,67104
684 ,231,119,131,85,39,0,22,82,0,61,20,0,0,0,0,0,790,16541
685 ,21,39,0,75,22,36,0,11,59,56,3,88,51,7,63,0,531,55208
686 ,0,0,3,0,0,0,4,0,0,0,0,18,0,0,5,3,33,98482
687 ,92,57,0,43,11,17,49,12,0,45,139,51,38,32,15,10,611,55583
688 ,0,39,40,22,0,31,0,42,0,22,39,6,21,0,15,0,277,40677
689 ,60,6,0,27,0,0,0,0,15,39,72,24,0,0,0,0,243,51776
690 ,27,3,0,21,7,9,5,8,7,19,111,0,19,79,66,27,408,-
691 ,26,0,3,5,0,0,0,0,0,22,55,72,30,9,29,6,257,86250
692 ,7,9,0,24,0,7,33,15,8,0,5,27,13,7,19,5,179,41583
693 ,28,42,0,0,14,31,0,8,53,1,85,59,41,51,39,25,477,73412
694 ,20,30,0,0,9,15,39,0,0,29,34,0,11,44,0,0,231,50216
695 ,45,20,36,0,0,66,0,9,32,93,32,37,29,9,5,6,419,50091
696 ,0,9,44,0,15,0,6,0,14,65,26,22,4,14,23,21,263,56523
697 ,0,29,8,0,0,0,6,0,0,13,11,59,31,9,99,65,330,137222
698 ,9,0,0,9,8,0,0,0,21,29,9,13,84,30,5,12,229,101650
699 ,10,9,0,34,0,10,0,15,0,6,0,37,0,33,75,81,310,155089
700 ,45,54,16,58,0,41,0,0,15,5,13,123,17,14,0,0,401,-
701 ,112,30,17,32,21,5,140,44,51,118,58,23,27,19,15,0,712,39976
702 ,13,7,29,31,13,12,15,14,10,59,109,79,58,9,18,0,476,64402
703 ,8,32,8,30,0,0,12,0,25,39,35,17,27,12,7,0,252,51618
704 ,0,0,0,0,0,0,0,0,0,0,0,0,0,0,0,0,0,-
705 ,20,12,0,15,22,18,5,30,27,10,44,42,48,38,46,132,509,102604
706 ,0,4,5,5,0,13,5,7,11,27,14,59,29,19,44,92,334,104125
707 ,0,0,0,31,0,0,0,0,0,35,27,87,47,45,43,48,363,100208
708 ,0,0,44,27,31,17,0,14,32,17,31,131,59,57,25,89,574,93676
709 ,0,33,0,36,15,50,0,0,41,56,44,244,129,30,114,125,917,96196
710 ,15,0,17,13,18,0,15,15,30,13,72,112,112,105,30,82,649,103250
711 ,25,16,14,0,27,0,13,0,0,93,47,87,100,72,78,108,680,106042
712 ,0,13,13,0,15,11,0,0,0,114,10,89,56,60,79,25,485,93438
713 ,0,0,0,0,0,0,57,38,14,22,0,16,93,60,90,56,446,114231
714 ,0,0,24,16,15,0,11,0,39,30,30,39,65,0,53,9,331,82596
715 ,59,45,12,5,16,38,11,100,17,86,73,96,40,10,23,31,662,51556
716 ,0,0,0,5,0,0,4,4,0,4,3,0,0,0,4,0,24,44375
717 ,29,37,31,25,22,16,18,15,18,43,43,101,148,66,16,68,696,82155
718 ,7,7,0,16,23,8,15,34,44,18,40,108,83,64,0,107,574,91875
719 ,19,11,6,10,0,7,22,32,0,23,47,61,25,30,4,18,315,70063
720 ,50,27,0,71,0,81,18,0,0,20,0,37,73,21,32,0,430,34444
721 ,42,29,68,0,0,13,0,50,29,38,28,11,17,13,49,57,444,46724
722 ,10,0,0,0,24,38,0,0,21,12,28,0,39,52,0,13,237,69750
723 ,46,76,15,24,11,20,0,16,16,49,14,102,111,0,24,0,524,55667
724 ,0,8,10,15,107,52,14,11,0,0,83,16,85,0,0,17,418,-
725 ,0,27,34,0,50,0,0,14,0,15,163,37,55,78,0,9,482,71250
726 ,40,38,12,29,8,0,7,0,0,0,6,3,2,17,46,12,220,24063
727 ,6,7,0,8,11,0,0,5,0,11,45,52,23,36,13,33,250,91667
728 ,76,0,0,21,0,0,0,25,33,0,98,70,0,0,0,19,342,60548
729 ,76,52,25,0,70,23,103,89,49,125,161,98,88,93,0,24,1076,52813
730 ,0,0,0,36,0,0,0,0,0,0,22,0,19,0,26,0,103,-
731 ,0,0,0,0,0,0,0,0,0,0,0,0,0,0,0,0,0,-
732 ,152,77,23,146,74,247,139,129,162,326,311,211,293,67,50,78,2485,51658
733 ,29,0,0,0,0,0,0,72,0,22,0,64,0,21,0,0,208,52841
734 ,9,0,0,0,14,0,51,13,0,66,85,69,22,45,35,129,538,81462
735 ,35,29,15,13,88,33,25,0,34,46,81,195,124,51,47,192,1008,83923
736 ,0,16,14,17,0,0,0,0,28,16,80,121,14,25,0,107,438,82069
737 ,0,0,33,14,39,0,16,0,0,23,44,119,43,0,88,82,501,91932
738 ,0,0,0,0,0,0,0,0,0,0,0,0,0,0,0,0,0,-
739 ,8,9,0,8,0,6,8,0,10,0,0,16,18,0,0,23,106,83750
740 ,9,10,0,0,0,9,8,9,0,4,0,57,42,0,46,79,273,118750
741 ,10,9,33,9,10,0,9,17,35,9,39,61,105,18,74,81,519,103860
742 ,0,9,0,17,17,18,17,0,0,36,26,45,18,68,35,67,373,100417
743 ,12,0,34,1,0,30,0,0,10,52,20,25,32,9,13,23,261,56910
744 ,0,25,0,0,0,21,0,10,9,43,17,64,1,30,33,47,300,80577
745 ,0,23,12,11,8,0,5,35,0,53,107,168,56,97,26,79,680,90263
746 ,6,9,19,0,5,5,6,11,0,63,21,25,39,47,64,23,343,100221
747 ,0,0,30,7,0,6,6,21,7,32,58,23,11,16,5,19,241,62596
748 ,0,0,5,39,4,14,3,0,2,8,42,58,30,20,58,35,318,90179
749 ,36,0,0,41,0,3,16,0,0,6,44,77,23,39,16,29,330,80741
750 ,12,5,36,44,24,22,17,0,14,42,48,39,16,7,28,14,368,52941
751 ,2,0,0,10,0,12,8,28,0,14,16,74,13,6,18,29,230,87222
752 ,19,10,0,7,25,15,14,4,0,25,51,4,14,8,31,22,249,60598
753 ,0,0,42,13,11,12,9,0,41,12,25,48,22,35,37,6,313,74150
754 ,0,0,0,0,0,0,0,0,0,0,0,0,0,0,0,0,0,-
755 ,0,0,0,0,0,0,0,0,0,0,0,0,0,0,0,0,0,-
756 ,45,15,16,15,0,0,14,23,0,0,26,96,80,44,17,0,391,86518
757 ,38,44,70,13,15,9,121,82,18,52,22,254,149,132,226,83,1328,94688
758 ,0,0,0,0,0,0,0,0,0,0,0,0,0,32,0,6,38,-
759 ,30,31,19,16,15,49,17,19,13,63,40,61,47,56,36,78,590,66818
760 ,154,117,98,76,70,97,32,13,41,0,30,22,0,0,0,0,750,20349
761 ,74,9,15,5,0,0,9,21,61,0,25,101,6,15,28,0,369,49611
762 ,0,70,46,9,7,6,0,11,22,80,73,53,1,17,14,4,413,53795
763 ,0,24,21,0,19,26,46,8,0,28,1,50,90,26,17,16,372,86625
764 ,0,0,0,4,15,14,9,0,17,23,0,32,29,12,37,25,217,79402
765 ,61,11,19,15,12,10,0,22,10,7,19,23,7,0,0,0,216,27917
766 ,159,103,17,18,8,47,39,0,6,35,37,71,0,0,0,0,540,18676
767 ,36,60,38,0,48,30,0,0,0,14,66,33,12,13,34,0,384,-
768 ,86,34,7,6,0,0,23,10,27,0,8,10,0,31,0,10,252,-
769 ,68,8,41,27,65,31,0,7,0,0,3,49,9,0,38,0,346,28615
770 ,38,21,51,37,0,18,87,35,94,105,94,23,16,0,0,0,619,46406
771 ,0,37,88,0,89,0,65,38,31,36,89,132,90,0,0,0,695,49960
772 ,156,107,33,23,0,29,34,0,0,42,0,0,0,0,0,0,424,12154
773 ,118,40,0,66,0,38,18,26,17,20,93,95,45,34,40,0,650,50250
774 ,70,60,0,8,6,64,8,52,21,85,103,92,8,0,13,0,590,50938
775 ,36,99,64,17,13,18,52,50,29,40,29,88,20,7,9,0,571,39036
776 ,142,96,27,24,23,31,0,8,34,20,57,85,0,36,20,0,603,28359
777 ,10,0,53,44,41,8,0,64,0,61,100,85,79,0,21,0,566,60172
778 ,42,8,9,0,0,13,9,32,0,8,84,0,0,0,0,0,205,43950
779 ,47,25,76,0,0,8,0,0,9,8,0,39,0,0,0,0,212,16118
780 ,71,73,37,45,9,36,15,23,22,80,76,59,42,10,16,12,626,45833
781 ,0,0,4,0,0,0,0,0,0,7,0,0,0,17,6,49,83,"250,000+"
782 ,5,0,0,0,6,11,18,4,8,0,14,28,48,24,21,48,235,118482
783 ,26,20,28,0,5,7,4,12,5,18,48,62,44,17,33,26,355,76875
784 ,19,13,0,20,0,62,16,29,46,88,115,104,93,16,46,0,667,66746
785 ,99,17,0,49,0,0,37,40,29,28,0,99,28,93,0,0,519,46509
786 ,87,35,21,41,59,0,0,67,0,0,18,16,0,0,0,0,344,21768
787 ,131,86,18,51,0,0,0,0,39,19,16,0,0,0,0,0,360,11801
788 ,141,33,0,34,0,69,57,0,19,36,0,0,0,12,0,0,401,24449
789 ,91,89,66,32,0,0,17,0,0,0,16,0,0,0,0,15,326,12022
790 ,11,0,0,11,0,5,11,6,0,6,20,36,29,31,7,0,173,84417
791 ,15,0,25,5,0,0,15,0,11,11,23,63,20,25,36,49,298,86167
792 ,23,12,10,4,15,14,22,11,9,20,36,31,39,53,42,74,415,110054
793 ,20,26,24,34,0,31,23,0,13,63,46,63,10,40,15,0,408,55577
794 ,39,20,40,18,0,11,35,0,8,0,20,0,13,0,0,0,204,22917
795 ,83,33,16,0,28,0,0,19,12,31,0,7,7,0,0,8,244,-
796 ,41,0,41,36,11,66,0,34,12,33,74,52,88,23,0,0,511,53073
797 ,68,23,0,104,55,21,0,34,0,0,0,63,9,18,20,0,415,26008
798 ,70,89,74,31,6,0,43,73,17,11,32,21,10,17,18,0,512,-
799 ,49,61,10,34,24,30,12,0,0,63,64,22,29,20,0,0,418,35208
800 ,24,39,31,34,0,24,44,10,34,28,67,56,48,12,8,0,459,46728
801 ,25,34,17,11,0,20,11,28,25,28,22,59,12,0,12,0,304,45938
802 ,14,0,27,13,15,5,13,24,12,22,17,15,35,25,19,6,262,58056
803 ,0,5,23,4,5,5,0,1,9,20,49,54,23,33,44,20,295,91417
804 ,30,5,0,17,20,27,18,5,0,14,56,23,14,5,0,9,243,42250
805 ,54,14,31,0,34,5,0,16,0,50,24,9,35,20,30,22,344,55761
806 ,6,0,0,5,15,0,0,7,21,18,61,8,58,15,22,0,236,69583
807 ,70,9,22,9,0,8,9,47,12,84,49,113,66,18,51,25,592,70625
808 ,73,45,9,10,51,4,29,14,13,0,0,51,37,22,52,40,450,-
809 ,27,0,0,0,0,31,27,40,10,69,8,33,49,30,7,6,337,52326
810 ,0,0,46,37,17,0,0,15,0,17,13,47,0,0,0,0,192,-
811 ,333,53,0,96,143,67,213,33,0,28,37,0,0,0,39,0,1042,25768
812 ,79,0,0,52,0,0,17,0,42,12,25,47,77,19,0,55,425,71050
813 ,15,0,0,0,16,0,35,0,14,75,92,32,90,42,0,20,431,72872
814 ,0,25,35,38,16,37,12,7,7,29,35,32,6,25,6,3,313,36146
815 ,7,0,21,0,18,25,23,8,16,8,24,85,10,10,31,16,302,75357
816 ,0,23,0,0,5,8,0,11,0,0,0,14,10,9,48,18,146,130556
817 ,8,18,24,55,10,12,0,17,17,10,93,76,66,41,12,25,484,70962
818 ,48,23,30,0,0,28,0,0,7,48,58,63,64,16,36,54,475,74567
819 ,19,0,17,0,49,14,0,0,12,53,42,102,24,69,0,27,428,79038
820 ,24,9,26,0,15,18,26,0,5,15,37,33,15,5,11,0,239,45750
821 ,34,0,0,0,41,51,22,0,12,22,53,74,0,8,7,0,324,50227
822 ,22,0,0,33,0,0,0,56,0,31,75,45,37,71,0,0,370,68933
823 ,0,0,36,0,14,14,0,0,0,0,65,38,15,0,2,4,188,64250
824 ,0,0,0,0,0,0,18,14,0,56,29,119,0,98,0,18,352,91471
825 ,0,16,42,0,0,0,0,0,44,33,0,82,0,23,0,27,267,-
826 ,0,25,43,17,0,0,0,44,24,53,53,56,48,60,92,0,515,67350
827 ,0,0,21,0,83,23,34,0,0,0,113,66,0,0,0,0,340,60388
828 ,129,80,90,44,42,28,49,82,33,15,38,16,15,23,4,4,692,25341
829 ,25,15,7,16,25,13,19,25,6,42,17,53,40,27,20,0,350,56500
830 ,22,12,5,6,19,21,15,31,0,32,63,28,47,10,31,0,342,62000
831 ,0,0,22,15,0,14,7,17,0,14,15,18,72,12,20,15,241,99464
832 ,0,73,0,95,0,46,20,0,54,19,14,11,0,0,0,0,332,24853
833 ,219,66,49,35,19,19,31,95,0,0,61,42,0,0,0,0,636,18261
834 ,143,21,84,37,88,0,0,0,0,0,14,25,0,0,12,0,424,18929
835 ,34,60,37,91,0,49,0,0,0,0,0,0,0,0,0,16,287,21302
836 ,107,42,85,31,32,91,49,9,0,0,0,32,0,0,0,0,478,21136
837 ,226,53,0,73,26,0,0,0,0,30,0,0,0,0,0,0,408,9476
838 ,89,80,0,0,0,0,35,0,31,35,0,0,0,0,0,0,270,-
839 ,99,96,0,33,59,18,19,0,39,22,50,106,0,0,0,0,541,27361
840 ,132,31,35,0,0,30,0,0,0,19,41,37,0,0,0,0,325,-
841 ,156,0,79,0,0,18,0,0,0,34,89,74,0,0,0,0,450,-
842 ,110,61,157,38,0,18,0,0,0,82,0,19,0,0,0,30,515,18741
843 ,10,22,5,12,21,8,30,36,21,6,61,29,42,20,0,30,353,63482
844 ,25,0,31,0,0,45,11,0,0,9,13,44,11,23,24,18,254,63654
845 ,11,8,0,9,6,7,21,5,31,4,4,27,45,6,16,8,208,71250
846 ,111,80,119,52,0,10,11,33,37,28,50,5,8,0,0,0,544,19202
847 ,149,24,21,37,47,29,0,29,21,79,37,34,10,0,22,0,539,28482
848 ,30,60,33,32,18,8,35,0,6,0,0,8,0,0,0,0,230,19167
849 ,98,32,30,14,20,48,31,13,0,32,40,17,0,5,7,0,387,29938
850 ,62,42,45,5,22,0,15,0,14,9,7,0,40,0,0,2,263,17813
851 ,38,48,21,22,0,22,0,2,14,36,19,32,8,0,0,20,282,31364
852 ,82,62,21,62,29,28,25,9,6,32,7,19,7,0,0,0,389,22107
853 ,15,30,33,6,19,5,35,45,11,0,113,32,11,27,0,5,387,47708
854 ,16,22,50,5,17,8,12,11,3,6,37,17,8,12,21,6,251,38125
855 ,130,101,29,57,10,36,28,25,0,16,12,21,23,0,0,0,488,18261
856 ,88,77,17,37,0,22,10,0,6,0,26,26,0,5,0,0,314,12430
857 ,100,36,24,0,22,19,10,39,6,11,7,0,15,0,0,14,303,18068
858 ,56,34,87,28,29,16,11,12,4,88,15,0,0,19,0,0,399,24375
859 ,7,20,4,6,9,0,14,29,10,26,24,79,14,6,19,0,267,71250
860 ,69,11,11,37,25,6,18,15,24,16,0,0,5,19,9,0,265,26607
861 ,21,0,0,7,37,0,30,14,10,16,17,49,28,4,0,28,261,53125
862 ,118,20,32,47,34,48,8,11,0,16,0,18,29,0,0,0,381,22634
863 ,138,78,0,0,20,45,36,0,10,29,9,43,34,0,0,0,442,-
864 ,147,149,39,10,43,9,0,22,0,97,20,46,9,0,0,0,591,14934
865 ,68,18,0,26,0,11,65,0,11,10,5,42,0,18,21,14,309,36406
866 ,6,12,32,19,0,20,11,31,18,12,28,33,16,11,5,0,254,42177
867 ,47,13,31,21,0,37,51,34,36,81,41,23,40,0,15,11,481,45956
868 ,73,58,37,11,74,63,69,91,20,61,17,25,5,0,0,0,604,34167
869 ,38,28,10,17,31,24,38,26,20,50,86,35,47,9,28,0,487,50701
870 ,98,54,21,0,0,0,10,7,0,48,35,27,39,0,0,0,339,-
871 ,62,50,83,23,75,72,15,0,21,17,9,0,8,0,0,0,435,24922
872 ,112,4,12,0,42,0,48,0,21,50,8,0,29,0,0,0,326,27083
873 ,83,37,12,0,46,0,52,38,31,15,32,18,25,6,0,11,406,37823
874 ,91,70,33,46,89,0,11,0,24,34,19,0,0,0,0,0,417,20788
875 ,49,66,22,32,25,41,45,0,0,31,32,0,0,0,28,0,371,29150
876 ,33,24,17,7,0,0,0,24,0,0,5,12,11,0,0,0,133,-
877 ,141,41,18,20,12,33,22,9,5,11,27,20,0,8,0,0,367,17708
878 ,203,80,53,75,28,27,51,65,11,46,0,38,10,8,9,0,704,20533
879 ,18,36,25,43,20,0,0,42,23,57,59,8,49,41,0,6,427,50319
880 ,13,17,16,4,13,16,0,8,31,15,35,85,20,31,10,6,320,66250
881 ,38,0,11,34,55,53,21,57,0,51,38,30,46,17,15,0,466,40921
882 ,114,0,10,33,9,60,14,9,0,30,55,25,7,0,9,0,375,33396
883 ,24,15,10,37,12,9,0,0,0,8,17,30,22,0,0,0,184,-
884 ,22,11,0,0,6,21,8,12,0,16,0,0,15,0,0,0,111,31964
885 ,27,138,14,35,10,13,32,46,0,41,5,6,7,0,0,0,374,21818
886 ,27,35,11,18,45,15,23,12,0,0,32,45,0,7,0,0,270,29944
887 ,103,65,31,40,7,32,23,3,11,28,47,8,18,0,0,0,416,21023
888 ,38,66,0,37,0,8,27,11,0,11,43,26,6,0,0,22,295,32031
889 ,64,32,10,8,47,9,30,5,45,29,27,130,82,20,24,8,570,70556
890 ,22,33,41,0,40,0,0,41,25,19,0,20,10,19,0,0,270,-
891 ,139,28,72,10,0,40,11,25,0,10,29,9,0,0,0,0,373,16434
892 ,119,22,37,61,17,28,30,60,17,61,53,33,0,10,0,16,564,34706
893 ,13,0,35,68,0,0,0,42,0,4,65,38,21,0,0,0,286,41607
894 ,0,22,36,34,0,49,0,0,20,11,92,115,0,0,0,0,379,72642
895 ,26,90,30,33,17,0,30,0,0,0,35,0,0,0,0,0,261,16208
896 ,35,0,38,18,5,0,87,11,0,26,42,17,0,0,0,0,279,37868
897 ,32,13,0,14,0,17,67,0,14,0,53,31,51,0,13,0,305,-
898 ,103,115,114,76,49,19,62,77,0,0,0,0,36,8,12,0,671,20115
899 ,78,14,61,15,10,21,50,34,15,42,40,21,52,14,34,18,519,42740
900 ,51,11,24,28,14,0,11,22,11,37,29,46,52,15,5,0,356,51154
901 ,101,7,28,41,42,11,24,41,26,23,36,16,9,0,23,0,428,29342
902 ,123,54,87,19,10,33,17,18,24,75,66,58,10,0,0,30,624,31439
903 ,96,98,17,31,42,11,12,28,0,27,37,50,0,16,0,0,465,21734
904 ,148,87,84,108,23,98,25,17,0,46,30,16,0,29,8,8,727,21080
905 ,136,35,38,20,41,102,9,38,73,38,0,7,25,0,13,0,575,30717
906 ,208,39,68,24,18,24,54,0,26,50,67,17,0,0,0,34,629,19861
907 ,111,61,39,7,12,0,25,13,7,70,12,16,46,0,0,0,419,-
908 ,47,16,0,0,15,0,0,12,6,0,72,0,16,0,0,0,184,-
909 ,94,42,49,32,59,17,0,0,17,7,0,0,0,16,0,0,333,16815
910 ,170,115,64,141,62,44,23,49,17,17,8,44,0,16,0,0,770,21731
911 ,0,0,0,0,0,167,0,12,0,33,0,0,52,11,73,0,348,-
912 ,64,17,0,0,24,0,0,28,0,0,41,34,53,15,15,0,291,63262
913 ,17,0,41,0,92,0,0,14,0,50,79,126,23,0,0,0,442,61167
914 ,0,0,17,0,38,0,0,0,0,0,93,76,16,0,59,0,299,77582
915 ,0,12,0,0,15,0,0,0,30,0,0,38,0,0,38,0,133,83125
916 ,0,112,0,0,0,16,39,10,15,0,34,0,93,0,0,0,319,39519
917 ,19,62,32,96,0,0,0,0,58,0,55,47,157,0,0,0,526,49828
918 ,0,0,0,16,53,0,43,19,0,14,0,0,0,0,0,3,148,37791
919 ,214,76,37,66,29,20,12,44,33,14,29,29,18,0,0,0,621,16385
920 ,21,55,64,14,10,13,0,5,0,0,0,6,19,0,0,0,207,17455
921 ,24,46,56,37,2,28,0,27,21,28,22,47,21,0,14,0,373,33646
922 ,41,0,0,17,13,23,31,12,0,6,24,55,28,9,0,0,259,40938
923 ,63,14,54,12,32,17,27,19,0,28,101,15,66,36,24,17,525,58542
924 ,50,13,24,0,33,29,31,38,0,23,9,23,10,7,0,0,290,34444
925 ,52,51,7,34,45,27,46,14,0,52,16,0,0,7,0,0,351,28125
926 ,162,26,0,22,23,8,25,55,19,26,27,35,0,7,0,0,435,25815
927 ,80,32,56,47,0,44,19,12,0,17,8,43,31,16,0,0,405,23512
928 ,71,38,0,0,0,44,22,0,0,0,0,40,16,10,0,0,241,31250
929 ,100,22,30,12,66,57,11,0,0,58,37,70,36,0,0,18,517,31250
930 ,67,28,25,45,7,44,51,9,34,21,51,20,30,32,0,20,484,36275
931 ,62,0,22,0,76,10,0,44,0,14,0,0,0,0,0,0,228,27206
932 ,121,0,28,73,55,83,41,90,0,23,17,13,0,38,0,0,582,30714
933 ,93,98,70,38,0,51,0,0,0,49,60,13,63,0,0,0,535,20428
934 ,20,0,16,29,31,76,33,0,0,88,47,0,10,36,28,0,414,52609
935 ,96,0,30,0,0,0,30,11,50,0,40,0,76,0,0,0,333,42386
936 ,30,42,79,50,0,13,38,36,0,0,25,19,0,0,0,0,332,20750
937 ,22,14,65,14,15,20,25,63,10,71,15,17,0,13,32,0,396,40913
938 ,46,20,11,5,0,11,27,6,0,27,13,0,26,5,0,0,197,35509
939 ,109,129,170,41,18,91,11,60,13,71,47,0,28,0,0,27,815,19988
940 ,254,87,52,47,58,76,71,0,22,8,50,0,13,0,0,10,748,19087
941 ,71,26,58,22,73,81,37,16,0,16,15,0,55,0,0,0,470,26986
942 ,137,64,0,107,10,0,0,55,0,0,28,38,0,0,35,0,474,22045
943 ,90,68,41,65,17,0,0,19,0,35,0,0,0,0,0,0,335,15579
944 ,28,35,61,61,0,88,35,0,28,0,41,0,0,0,0,0,377,30350
945 ,68,34,10,60,0,36,0,0,24,10,14,30,10,0,0,0,296,23537
946 ,121,42,57,27,38,29,34,14,66,63,69,43,53,26,22,0,704,43214
947 ,33,42,63,61,6,0,31,26,7,13,17,47,9,0,4,0,359,23375
948 ,43,0,7,18,0,15,0,31,0,0,44,63,15,0,8,0,244,66333
949 ,163,51,0,21,12,0,0,21,46,43,43,20,6,5,0,0,431,-
950 ,81,5,9,13,42,8,0,16,0,19,54,23,17,11,25,0,323,40547
951 ,180,38,32,30,0,17,42,28,0,21,0,16,36,0,16,0,456,16000
952 ,18,51,36,23,28,30,0,0,12,22,6,13,17,0,0,0,256,25000
953 ,37,38,27,0,0,34,10,20,62,22,23,24,16,9,27,0,349,45494
954 ,49,19,23,17,0,26,26,48,0,61,24,24,28,46,0,0,391,43958
955 ,68,92,20,36,0,28,28,0,5,8,0,68,17,19,15,10,414,23750
956 ,73,30,0,18,0,0,21,31,0,0,0,0,0,21,10,0,204,-
957 ,120,26,0,27,0,39,14,0,0,15,24,0,5,7,0,0,277,-
958 ,54,14,17,50,9,16,0,33,21,37,4,0,18,0,0,0,273,25417
959 ,82,0,0,19,0,0,51,18,30,17,21,59,62,42,38,8,447,61016
960 ,19,0,9,5,13,43,40,0,0,9,0,75,31,33,15,0,292,78241
961 ,37,0,32,0,0,5,0,0,21,45,58,25,27,14,6,0,270,59679
962 ,53,81,48,20,0,24,0,27,32,28,62,0,8,0,0,0,383,-
963 ,13,27,16,22,34,12,16,16,23,0,0,0,10,0,0,0,189,26213
964 ,84,55,9,13,19,69,6,16,0,75,0,37,44,0,0,0,427,31611
965 ,34,94,24,31,64,14,0,15,0,13,74,16,8,0,0,0,387,25709
966 ,38,52,55,30,23,0,0,0,7,7,39,0,0,17,17,0,285,19831
967 ,23,21,93,12,0,66,118,21,0,43,0,14,0,0,0,0,411,32140
968 ,102,17,0,17,0,0,23,44,0,0,10,10,0,0,0,0,223,-
969 ,117,53,45,74,0,41,34,17,35,46,33,15,0,12,0,14,536,23929
970 ,121,19,0,0,0,0,41,24,79,7,22,11,47,33,0,0,404,44688
971 ,30,24,8,0,0,19,32,0,0,14,0,39,13,0,0,0,179,37552
972 ,122,0,39,41,11,5,0,32,0,0,23,31,0,0,0,14,318,19545
973 ,63,36,40,49,0,0,16,76,0,8,48,46,25,0,0,0,407,39922
974 ,70,0,0,45,37,61,11,10,0,0,14,0,10,0,0,0,258,25946
975 ,20,26,0,0,33,0,0,0,52,19,59,39,35,0,0,0,283,58882
976 ,42,18,9,62,0,0,10,0,0,39,34,30,0,0,0,0,244,-
977 ,110,51,42,104,123,19,38,0,23,129,46,67,44,41,6,10,853,29818
978 ,80,24,7,40,33,0,16,10,30,23,19,19,0,0,0,0,301,24948
979 ,18,103,33,9,26,13,30,0,0,20,31,12,0,0,0,0,295,19508
980 ,32,28,44,7,41,9,0,42,24,49,21,44,24,32,0,0,397,42232
981 ,0,63,65,19,57,0,70,119,0,33,49,21,81,0,0,12,589,41114
982 ,130,24,45,27,22,38,25,13,39,70,37,83,12,0,0,0,565,34635
983 ,29,54,45,54,0,21,6,7,21,0,15,98,0,0,0,0,350,-
984 ,55,70,24,11,15,40,46,17,18,39,11,78,0,0,14,0,438,35455
985 ,92,116,18,0,0,44,26,6,22,37,4,33,0,25,3,0,426,-
986 ,43,3,40,19,22,57,0,65,60,20,70,95,34,5,51,0,584,46792
987 ,38,7,0,21,0,32,43,0,9,15,0,12,11,0,0,26,214,35523
988 ,4,35,35,0,25,32,0,0,22,0,32,0,71,0,0,13,269,45398
989 ,66,23,28,113,22,55,21,39,16,46,0,78,28,9,15,0,559,32148
990 ,45,46,0,25,0,22,0,24,0,52,22,20,0,0,29,0,285,40469
991 ,51,75,8,36,0,49,65,18,20,33,35,86,28,0,0,10,514,36462
992 ,55,0,52,18,23,20,0,32,19,0,0,19,30,0,0,0,268,25978
993 ,149,117,0,65,34,0,52,14,15,46,0,66,25,0,65,40,688,26625
994 ,42,36,45,0,30,0,15,0,22,34,75,17,0,0,40,0,356,46136
995 ,235,0,27,54,20,0,0,0,0,27,0,0,0,0,0,0,363,6830
996 ,44,53,27,40,0,0,34,19,0,41,22,0,0,0,0,0,280,23500
997 ,113,24,28,40,0,0,20,26,0,18,0,65,0,19,0,0,353,20719
998 ,16,15,51,20,38,27,29,31,20,13,39,126,22,0,26,0,473,46188
999 ,36,29,14,0,12,0,0,6,9,39,5,22,48,0,0,35,255,53878
1000 ,86,33,11,36,59,3,0,0,0,68,94,0,31,0,0,0,421,-
1001 ,99,19,18,45,0,40,20,15,26,36,91,0,29,0,8,38,484,40167
1002 ,33,0,38,17,0,0,0,29,0,13,13,6,0,0,0,0,149,-
1003 ,50,87,68,17,24,19,125,17,0,55,66,46,31,0,0,0,605,36875
1004 ,0,55,0,21,17,0,0,49,36,45,82,0,54,0,0,0,359,52583
1005 ,110,172,4,60,39,39,0,15,17,14,48,12,0,0,0,0,530,14325
1006 ,115,100,59,36,154,9,184,37,42,110,74,88,0,0,0,0,1008,35662
1007 ,119,32,34,0,58,0,0,98,0,0,111,15,16,0,0,0,483,29935
1008 ,37,0,0,53,54,30,0,0,20,6,22,0,0,39,0,9,270,29451
1009 ,37,24,33,0,20,24,0,44,0,66,26,0,0,0,0,0,274,32396
1010 ,68,49,25,0,17,0,14,8,9,54,29,34,37,0,6,0,350,43125
1011 ,28,25,55,35,41,0,35,6,0,24,56,13,11,0,0,9,338,26585
1012 ,83,55,66,48,14,40,13,4,21,50,42,55,17,68,0,0,576,33875
1013 ,8,7,6,28,0,6,0,0,30,12,10,34,8,5,10,16,180,56042
1014 ,159,26,68,73,32,75,77,100,85,87,82,188,66,43,55,0,1216,44848
1015 ,30,27,0,0,7,40,0,10,9,52,69,99,29,0,0,0,372,61447
1016 ,114,31,59,12,0,23,0,35,0,12,31,84,40,0,0,9,450,30978
1017 ,109,0,9,7,31,50,27,32,0,19,32,11,0,0,11,0,338,32031
1018 ,0,51,0,37,18,0,74,0,12,22,86,138,51,44,11,0,544,73108
1019 ,18,67,30,0,0,0,31,13,0,0,56,53,0,0,0,0,268,-
1020 ,69,0,46,0,18,0,0,36,30,49,0,34,17,0,0,0,299,41146
1021 ,15,0,0,34,24,29,44,0,0,22,106,32,97,15,21,44,483,69450
1022 ,0,38,50,55,37,0,0,47,0,0,5,56,0,0,0,0,288,25132
1023 ,64,52,73,25,0,45,17,0,38,20,65,52,0,20,0,0,471,31194
1024 ,176,47,60,0,20,17,0,16,0,14,68,0,30,0,39,34,521,19063
1025 ,0,38,13,0,23,0,0,0,19,50,33,51,19,0,63,21,330,69833
1026 ,50,13,66,17,5,12,19,12,13,20,61,14,50,0,0,0,352,39211
1027 ,14,21,11,13,44,19,54,60,21,0,25,50,42,29,21,0,424,42093
1028 ,37,10,32,8,46,0,19,12,10,68,30,93,66,47,14,19,511,73625
1029 ,0,101,40,84,0,42,0,0,90,17,186,65,0,4,0,0,629,46522
1030 ,71,0,13,0,0,0,0,12,36,35,52,111,0,54,0,0,384,66202
1031 ,16,0,0,51,0,35,23,0,22,39,0,0,0,0,0,0,186,33929
1032 ,30,0,11,0,0,40,0,0,0,19,56,10,0,23,0,12,201,65031
1033 ,45,16,57,0,0,55,17,0,0,18,68,114,10,10,0,0,410,54583
1034 ,60,46,26,0,57,7,26,0,24,77,21,84,39,17,0,0,484,49583
1035 ,43,30,6,18,12,0,17,10,10,0,33,47,46,12,26,0,310,63333
1036 ,63,37,44,11,0,0,43,0,0,36,35,24,40,8,41,0,382,37093
1037 ,45,21,16,11,12,29,70,20,0,0,0,56,23,0,0,0,303,37303
1038 ,57,40,28,23,24,0,11,10,18,0,36,21,32,0,0,0,300,27708
1039 ,204,0,76,8,0,0,29,0,45,14,0,61,56,23,39,38,593,-
1040 ,0,0,0,0,38,0,0,0,0,86,0,0,66,26,18,0,234,-
1041 ,58,17,37,13,28,35,33,0,0,49,30,32,16,0,3,0,351,34107
1042 ,42,41,10,40,44,24,13,20,17,137,13,22,0,0,0,0,423,37019
1043 ,15,35,10,0,21,46,0,0,0,43,16,39,17,0,0,0,242,-
1044 ,55,0,41,0,0,111,51,0,43,11,81,0,0,0,0,0,393,33859
1045 ,10,16,18,23,46,0,0,12,46,52,0,61,0,0,15,0,299,46332
1046 ,37,18,35,10,0,8,37,43,23,54,11,16,27,0,0,0,319,41813
1047 ,186,147,23,42,44,0,18,11,0,67,45,61,12,40,9,0,705,19271
1048 ,8,9,22,26,0,30,31,27,32,70,82,10,34,0,5,0,386,50870
1049 ,0,27,0,0,0,0,59,0,37,83,133,35,16,0,0,38,428,60488
1050 ,93,52,0,0,62,0,0,25,0,0,59,13,0,0,0,0,304,-
1051 ,87,0,115,0,51,0,41,15,0,61,0,16,0,0,0,0,386,19753
1052 ,142,89,83,26,36,0,86,11,0,14,25,12,14,0,0,0,538,17877
1053 ,71,12,0,44,28,91,60,15,0,14,39,63,0,0,25,0,462,32346
1054 ,37,0,46,33,0,0,40,33,9,69,52,44,53,22,12,11,461,53257
1055 ,70,53,0,8,72,71,29,22,0,37,56,17,114,33,10,0,592,39028
1056 ,93,48,9,28,64,42,0,32,7,0,30,25,4,39,15,10,446,26758
1057 ,38,27,15,35,36,9,35,54,25,23,28,71,9,41,17,19,482,44355
1058 ,108,79,30,26,22,37,11,0,0,9,76,81,8,12,0,0,499,26083
1059 ,0,12,0,7,0,40,0,11,0,0,59,50,23,35,58,8,303,90750
1060 ,72,20,37,40,35,42,0,18,6,47,47,58,43,8,25,7,505,41161
1061 ,46,0,38,83,39,0,0,0,0,35,0,0,0,0,0,0,241,21426
1062 ,74,26,90,24,0,0,37,34,16,54,75,58,0,0,0,0,488,37027
1063 ,47,55,0,33,0,0,32,45,51,0,55,0,12,0,0,0,330,37344
1064 ,0,67,87,0,13,0,0,22,0,49,0,48,24,0,0,0,310,-
1065 ,0,0,0,0,37,0,0,0,0,0,26,0,1,0,24,0,88,63472
1066 ,44,24,51,0,0,25,22,17,34,37,27,0,0,0,0,0,281,34650
1067 ,17,40,68,32,75,11,54,19,0,16,40,46,0,0,0,16,434,28897
1068 ,33,0,0,0,29,55,28,0,17,59,0,54,17,78,53,0,423,56313
1069 ,92,0,16,0,67,75,23,37,0,13,0,70,26,0,28,11,458,34139
1070 ,0,34,0,0,16,16,32,68,0,0,0,20,56,51,0,30,323,-
1071 ,0,0,0,0,0,32,0,5,0,0,0,37,70,32,0,47,223,120179
1072 ,44,18,18,0,0,50,0,0,0,14,34,42,50,0,8,24,302,66094
1073 ,0,0,0,0,16,0,29,0,37,43,14,28,74,0,37,0,278,83750
1074 ,5,37,0,18,10,9,0,25,16,0,39,39,39,16,9,9,271,65662
1075 ,36,11,5,12,5,21,35,0,11,45,33,60,63,34,27,11,409,67625
1076 ,74,15,89,0,48,11,82,23,7,124,71,62,26,13,6,8,659,41141
1077 ,49,38,0,0,25,12,19,53,6,23,7,23,14,0,11,4,284,37368
1078 ,93,25,7,19,9,0,0,3,45,67,7,41,0,0,0,0,316,-
1079 ,137,54,160,38,111,68,64,34,0,36,110,44,9,47,34,19,965,28177
1080 ,72,41,65,26,50,12,26,38,0,35,0,0,34,0,0,0,399,24567
1081 ,51,20,25,10,34,9,0,0,39,28,0,28,10,0,8,0,262,28676
1082 ,0,0,0,10,0,32,70,12,0,60,27,113,74,0,23,12,433,75917
1083 ,13,25,7,8,0,9,0,0,0,31,55,25,9,16,19,38,255,73750
1084 ,25,35,9,7,7,15,34,45,0,39,20,58,11,32,0,25,362,50370
1085 ,151,0,44,0,0,0,66,0,72,0,25,0,0,0,0,0,358,-
1086 ,26,0,40,10,40,0,55,19,13,0,111,0,0,0,0,16,330,39727
1087 ,16,10,92,24,49,57,0,20,21,70,37,0,43,0,0,0,439,31250
1088 ,32,34,65,0,17,0,8,0,20,0,0,0,51,0,0,0,227,17423
1089 ,41,21,66,117,32,51,0,53,18,0,0,14,0,0,26,0,439,24455
1090 ,126,119,33,19,17,0,0,13,0,53,47,88,0,0,0,0,515,-
1091 ,153,52,23,100,17,88,32,77,19,52,69,10,18,60,0,0,770,33554
1092 ,127,41,28,32,14,67,15,15,0,16,0,15,12,66,0,0,448,24000
1093 ,15,18,0,58,16,23,34,14,0,81,43,68,7,0,15,0,392,51875
1094 ,81,19,34,39,20,37,15,0,32,0,0,25,9,0,0,0,311,21378
1095 ,17,0,26,0,0,0,24,33,0,26,23,23,30,0,0,12,214,53173
1096 ,48,10,0,24,21,0,31,13,57,0,50,55,0,16,15,0,340,46513
1097 ,8,0,0,4,0,0,4,4,0,0,0,4,0,0,0,0,24,-
1098 ,61,15,5,20,7,6,13,0,21,68,80,34,32,7,15,0,384,57600
1099 ,14,0,24,0,37,27,0,21,9,13,20,0,41,39,39,45,329,-
1100 ,25,150,0,0,0,8,0,10,0,26,11,17,0,0,0,0,247,13391
1101 ,0,30,0,24,0,0,0,0,0,21,6,54,0,0,10,4,149,54940
1102 ,18,0,0,0,0,27,12,0,16,21,12,108,6,0,10,0,230,75417
1103 ,100,13,0,0,0,27,21,0,32,25,40,40,21,0,23,0,342,48281
1104 ,73,48,0,0,10,33,0,0,0,24,22,0,28,0,0,16,254,-
1105 ,0,26,18,17,18,0,0,25,35,0,19,156,0,38,38,0,390,78750
1106 ,50,28,9,0,23,0,0,0,0,37,44,20,0,0,8,0,219,-
1107 ,9,28,0,0,9,24,15,0,8,39,27,42,62,5,0,0,268,65263
1108 ,36,26,55,0,9,26,11,0,0,31,45,54,32,5,24,9,363,55417
1109 ,6,6,49,0,0,6,37,17,0,47,12,71,43,69,55,4,422,88587
1110 ,0,19,20,0,0,33,5,6,18,6,12,35,16,16,37,8,231,74271
1111 ,13,39,5,4,0,6,5,36,12,17,60,46,34,27,8,22,334,70556
1112 ,28,39,42,6,5,6,0,13,6,25,30,54,39,24,15,26,358,66250
1113 ,33,26,33,6,13,45,38,10,0,18,34,76,61,13,20,27,453,61875
1114 ,13,16,20,0,17,16,32,4,13,24,49,109,17,27,9,12,378,73125
1115 ,7,6,27,6,7,11,5,5,4,18,34,78,30,0,26,23,287,87604
1116 ,20,19,6,0,24,35,15,19,61,28,31,48,74,63,5,7,455,60114
1117 ,0,12,12,9,5,2,0,19,5,20,19,30,83,15,9,8,248,84583
1118 ,18,31,18,18,24,15,66,0,11,62,28,105,116,87,17,0,616,83864
1119 ,0,24,21,35,0,0,18,35,0,22,42,38,26,42,17,22,342,71563
1120 ,0,0,27,0,26,0,0,0,0,9,0,45,17,30,33,16,203,95536
1121 ,35,8,0,9,30,11,1,0,0,53,76,48,30,9,68,32,410,73125
1122 ,77,85,31,8,18,23,107,7,0,19,79,0,0,0,0,0,454,33370
1123 ,251,121,79,51,78,12,93,0,36,0,0,0,0,0,0,0,721,14347
1124 ,0,0,0,0,0,0,0,0,0,0,0,0,0,0,0,0,0,-
1125 ,254,8,97,84,19,41,148,54,0,25,56,22,0,0,0,0,808,22969
1126 ,198,131,16,9,52,32,102,20,43,11,92,26,0,43,0,0,775,29111
1127 ,12,0,10,25,0,22,0,11,4,0,56,28,0,10,0,18,196,65648
1128 ,165,36,44,0,0,0,0,47,0,0,0,0,0,0,0,0,292,9607
1129 ,34,139,0,58,57,132,292,122,0,36,90,394,82,0,0,0,1436,40123
1130 ,276,242,440,182,382,451,301,254,487,311,337,432,195,153,189,0,4632,42386
1131 ,31,129,0,42,190,199,92,24,82,234,486,158,41,67,200,61,2036,59716
1132 ,0,43,0,0,0,219,67,0,300,0,106,70,0,42,211,35,1093,49194
1133 ,42,55,110,0,102,46,46,39,0,160,158,164,227,161,0,0,1310,63370
1134 ,41,297,74,96,0,0,0,158,51,39,176,199,78,177,0,0,1386,48824
1135 ,0,0,0,0,0,0,0,0,0,0,0,0,0,0,0,0,0,-
1136 ,0,110,146,38,43,0,43,0,0,0,0,40,0,78,0,0,498,19657
1137 ,195,181,34,89,69,29,24,28,0,18,23,0,0,0,0,0,690,14077
1138 ,90,0,0,30,26,0,0,47,16,0,44,79,35,66,0,0,433,67926
1139 ,29,0,0,15,0,25,34,0,49,13,49,28,44,32,38,0,356,73163
1140 ,0,0,50,0,19,0,0,79,0,50,36,33,51,35,24,28,405,65865
1141 ,30,0,0,19,74,79,0,15,38,0,0,78,22,36,30,0,421,41417
1142 ,89,37,0,0,43,0,0,0,0,0,14,50,0,0,0,0,233,-
1143 ,8,0,0,0,9,0,28,22,0,26,13,91,17,28,21,29,292,86000
1144 ,8,31,0,18,0,10,39,0,15,37,53,47,0,14,44,0,316,60000
1145 ,0,0,0,0,0,27,0,0,0,9,0,8,7,8,10,12,81,98906
1146 ,23,0,32,0,20,47,8,45,0,34,72,62,48,36,52,26,505,67054
1147 ,0,0,0,0,0,0,0,0,0,0,0,0,0,0,0,0,0,-
1148 ,0,0,0,0,8,0,0,0,4,0,0,4,0,0,0,5,21,-
1149 ,0,0,0,0,0,0,0,0,0,0,0,0,0,0,0,0,0,-
1150 ,58,0,0,0,44,0,11,0,0,0,13,71,131,72,18,19,437,103381
1151 ,20,0,18,14,0,19,38,0,0,13,57,28,59,35,86,34,421,100583
1152 ,0,36,32,33,18,0,0,0,0,0,77,81,13,75,61,30,456,80227
1153 ,0,0,35,31,85,0,13,25,13,70,67,58,25,0,16,27,465,53589
1154 ,0,0,0,0,0,0,0,0,0,0,0,0,0,0,0,0,0,-