2010-2040 Household Income (Held constant in $2010) : Household Income,,
TAZ,HH_Inc,HHNUM
1,211537.332,4347.4
2,211537.332,2215.2
3,0,0
4,198412.311,722
5,161020.149,3733
6,161020.149,1732.2
7,151809.183,2726
8,151809.183,6
9,316725.771,1237.8
10,316725.771,1476.2
11,166183.839,2829.2
12,224548.95,3596.6
13,100106.223,3137.4
14,46054.83,2075.4
15,46054.83,0
16,139134.471,0
17,139134.471,726
18,333792.372,720
19,333792.372,1757.6
20,68680.38,3485.2
21,208364.25,515.8
22,169721.352,1441.2
23,167846.349,2906.2
24,133082.274,2387.4
25,118806.708,3397.8
26,150315.126,2082.2
27,169757.685,996.4
28,131972.466,445.8
29,152806.689,3570.2
30,234780.543,1307
31,0,1
32,203687.202,1571.2
33,196931.466,1194.8
34,154860.054,2867.2
35,180873.381,2387.4
36,254642.583,3881.6
37,189691.29,3259.8
38,134408.979,4182
39,206186.472,2415.4
40,152608.509,3842.6
41,178734.138,2628.8
42,25234.92,1857.8
43,73199.985,603.6
44,38008.722,3535.4
45,31833.213,3983
46,26289.678,1001.4
47,48479.232,3327.6
48,42300.42,3125.8
49,106640.658,1516.8
50,24786.813,1825.6
51,108331.794,1093.2
52,69689.997,1466
53,93352.689,2016.6
54,64113.432,3156.8
55,50674.626,1357
56,109844.568,717.6
57,27490.869,2347.4
58,63392.277,1614.8
59,53430.429,2606.2
60,35861.772,2065.4
61,53521.812,3235.6
62,86058.564,3854.2
63,67343.766,2429.4
64,90642.027,1464.8
65,74424.297,5315.2
66,75612.276,1462
67,101800.662,4196
68,160978.311,1630
69,65570.055,4567.8
70,64277.481,1784.8
71,151102.341,4983.8
72,150179.703,3995.6
73,90626.613,2155.4
74,132169.545,3175.8
75,151321.44,3936.6
76,118991.676,5206
77,141814.305,1853.6
78,62753.697,2657.2
79,118120.785,1501
80,89732.601,2518.6
81,113379.879,3348.8
82,80016.276,3312.8
83,80016.276,2117.4
84,89128.152,2011.4
85,89128.152,1993.4
86,118478.61,2480
87,118478.61,3721.2
88,169740.069,3261.2
89,226057.32,1462.6
90,99051.465,4009.8
91,239477.409,1983.4
92,198683.157,2183.6
93,141936.516,4977.8
94,207566.025,2450.8
95,143341.392,1430.6
96,191701.716,494.4
97,180218.286,2106
98,121614.258,920.2
99,267981.198,113
100,77915.568,84
101,149374.872,1195.2
102,0,0
103,0,5
104,0,35
105,107408.055,79
106,107408.055,26
107,28603.98,386.4
108,28603.98,639.8
109,161030.058,1602
110,161030.058,132
111,225797.484,1055.2
112,112867.914,1187.2
113,141894.678,27
114,141894.678,90
115,166346.787,625.8
116,139060.704,1461.6
117,139060.704,359.4
118,182675.718,1820
119,182675.718,2202.6
120,163681.266,627.8
121,367462.053,244.4
122,152928.9,877.8
123,149457.447,2316.4
124,110066.97,8179.2
125,95728.647,1062
126,124648.614,3680.6
127,138855.918,4858.8
128,98499.864,6470.4
129,150423.024,5379.4
130,137516.001,5061.8
131,149003.835,3355.4
132,151979.838,4867.8
133,170202.489,1701.6
134,170202.489,3094
135,162587.973,1685.6
136,162587.973,2916.8
137,204367.62,1999
138,204367.62,3342.4
139,242609.754,4546.6
140,200666.058,4385.4
141,0,1
142,170876.301,1502
143,161132.451,6326.4
144,165070.728,4030.8
145,154320.564,2
146,190240.689,2691
147,279363.336,3175.8
148,237049.704,1953
149,237049.704,3308.8
150,167350.899,3073.8
151,167350.899,3115
152,203629.95,5006.8
153,195194.088,1994.8
154,195194.088,1773.8
155,231230.919,2703
156,231230.919,680
157,160313.307,3788.8
158,217435.389,3299.8
159,207119.019,1688.8
160,207119.019,2629.8
161,210068.598,2192.8
162,210068.598,2556.8
163,200747.532,4505.8
164,185214.624,5154.8
165,131721.438,2422.8
166,131721.438,2270
167,133716.45,2260
168,133716.45,2197.8
169,131407.653,2566
170,161315.217,4831.8
171,138372.579,4605.8
172,131676.297,4386.8
173,132478.926,3652.4
174,53026.362,4874.8
175,67392.21,4041.2
176,0,28
177,0,0
178,116996.664,2158.8
179,174934.587,2521.6
180,155483.22,4390.4
181,250580.994,785
182,246881.634,1408
183,261713.205,2047.8
184,279210.297,2004.6
185,209111.829,5061.4
186,146529.888,5487.4
187,168111.69,7682.2
188,275423.958,3050.6
189,444078.441,2062.8
190,122543.502,6418.2
191,142414.35,6697
192,173575.953,8686.8
193,142142.403,7263
194,296008.254,3825.6
195,324954.645,2136.8
196,180083.964,2607.6
197,178230.981,3828.6
198,127134.672,3691.4
199,143561.592,2574.8
200,170390.76,4743.4
201,234979.824,1431.8
202,179483.919,3533.6
203,344600.889,1056.8
204,323058.723,2455.8
205,121795.923,7743
206,266865.885,2634.6
207,117516.336,1581
208,333627.222,1616.8
209,226393.125,1173
210,111586.35,303
211,109421.784,297.2
212,69562.281,1312
213,34748.661,1445
214,93529.95,3645.2
215,52675.143,715
216,160862.706,1219
217,72699.03,4428.4
218,49726.665,1623.2
219,42694.578,577
220,63423.105,200
221,89829.489,1934.2
222,36625.866,1414.2
223,36001.599,2285.2
224,44926.305,3486.4
225,46835.439,2841.2
226,67203.939,2325.2
227,71338.194,2593.2
228,50871.705,2315.2
229,27901.542,2030.8
230,67317.342,3070.2
231,58190.052,2658.8
232,69111.972,1439
233,48582.726,2727.8
234,62497.164,1491.6
235,57100.062,2322.2
236,42897.162,1302.6
237,78876.741,1603.2
238,54149.382,2086
239,57388.524,2479.4
240,39100.914,1864.6
241,29088.42,2552.4
242,60296.265,1748.4
243,35080.062,1219.6
244,27820.068,2022.2
245,55002.657,2314.2
246,37779.714,3341.6
247,68111.163,1144.6
248,31434.651,2958
249,55259.19,2796.8
250,40411.104,2538.2
251,57324.666,572.8
252,39744.999,3747.2
253,24946.458,2579.6
254,33883.275,3942.4
255,94813.716,2967.8
256,79831.308,1001.2
257,61671.414,2343.2
258,46719.834,3229.4
259,44960.436,2972.2
260,61795.827,1609.2
261,42621.912,1501.2
262,68220.162,2034
263,34372.119,3113.4
264,40432.023,3863.2
265,41934.888,2764.2
266,49805.937,2263.2
267,52870.02,1625.2
268,31457.772,1278.2
269,33353.694,2388
270,22354.704,210
271,32303.34,1921.4
272,49343.517,1456
273,28180.095,1006.2
274,58356.303,1304.8
275,51903.342,3016.2
276,0,0
277,0,0
278,68374.302,3101.4
279,62477.346,1679.2
280,76204.614,1733
281,0,0
282,66941.901,2587
283,38075.883,1454.4
284,33887.679,990.8
285,53602.185,3190.4
286,54501.702,2441.2
287,41384.388,4638.6
288,41431.731,371.4
289,41177.4,771.2
290,43286.916,1387.4
291,46349.898,3703.8
292,39846.291,3549
293,35723.046,2754.8
294,0,1
295,58340.889,2204.4
296,41187.309,3158.4
297,48701.634,2858.6
298,83498.739,3083.4
299,94646.364,1443.2
300,86459.328,1298.4
301,44753.448,3758.6
302,32502.621,2034.6
303,51663.324,3034.4
304,34546.077,2616
305,60287.457,1629.2
306,93680.787,49
307,37441.707,3685.8
308,40432.023,2883.8
309,117391.923,1634.2
310,109423.986,2052.4
311,120099.282,1397.6
312,120099.282,2098.4
313,75878.718,3502.2
314,195419.793,2588
315,72233.307,261.2
316,129663.669,4238.8
317,93046.611,4558.8
318,36553.2,3305.2
319,52865.616,1766.4
320,67068.516,1980
321,77242.857,3301.2
322,70667.685,2238
323,0,0
324,72430.386,2840.8
325,72594.435,1021.8
326,63351.54,1530.6
327,71280.942,2190.6
328,49270.851,4036.8
329,74291.076,2253.2
330,57206.859,2300.6
331,74309.793,385
332,58490.625,1289
333,75845.688,619.8
334,81445.374,1564
335,63472.65,3822.2
336,69890.379,2926.4
337,64434.924,2828.6
338,67677.369,2684.4
339,71210.478,630.8
340,59920.824,1609.4
341,64346.844,5005.2
342,0,3
343,64415.106,2433.8
344,43934.304,1789.6
345,65280.492,2066.8
346,74616.972,2234
347,61288.266,1980
348,49186.074,1876.4
349,56406.432,3554
350,57134.193,395
351,51226.227,1283.8
352,53896.152,1084
353,112896.54,87.6
354,23279.544,3263
355,19811.394,285.4
356,50229.822,1914.6
357,61663.707,2011.4
358,0,2
359,0,40.2
360,67773.156,2543.4
361,42878.445,1927.8
362,105232.479,6493.6
363,81660.069,1126.4
364,0,0
365,36370.434,446.4
366,63548.619,1411.8
367,72225.6,1161
368,53810.274,2688.8
369,65214.432,324.6
370,57209.061,6631.2
371,64657.326,3305.6
372,71966.865,2521.4
373,54424.632,3233
374,68859.843,2447.8
375,64540.62,1139.8
376,68416.14,1208.4
377,82290.942,403.2
378,44626.833,2176.8
379,60113.499,2221.2
380,64254.36,522
381,59036.721,4423.2
382,73664.607,1875.4
383,56294.13,451.6
384,49648.494,224.6
385,0,8.2
386,62681.031,2701.4
387,55658.853,2427.8
388,81929.814,1084
389,77956.305,3288
390,60432.789,4902.6
391,63482.559,5232.6
392,60775.2,4734.2
393,53851.011,4951.8
394,71927.229,3347.4
395,64892.94,977.8
396,61940.058,1468
397,80715.411,1209.4
398,59858.067,2328.4
399,51080.895,1362.8
400,51992.523,2392.6
401,51469.548,1046
402,61366.437,970.6
403,59144.619,736.2
404,67860.135,1374.8
405,46268.424,1710.8
406,53456.853,3142.8
407,0,0
408,55238.271,1475.4
409,46941.135,1993.2
410,51025.845,3641.4
411,59046.63,1577
412,61774.908,1579.4
413,58875.975,2841.2
414,55138.08,2646.4
415,61149.54,1092.2
416,54140.574,2354.6
417,52040.967,1366.6
418,54415.824,1926
419,46987.377,926
420,54836.406,4183.6
421,69832.026,2229.4
422,46183.647,2957.4
423,50786.928,4571
424,57488.715,1612.8
425,64478.964,1559.6
426,56181.828,1577.8
427,66834.003,1861.4
428,62147.046,1573.8
429,48035.529,3029.4
430,51643.506,2647
431,53237.754,4722.2
432,66215.241,850.4
433,63623.487,1996
434,64518.6,1723
435,80146.194,778
436,55206.342,938
437,76025.151,667
438,78881.145,2895
439,62824.161,1930
440,67569.471,462
441,38285.073,389
442,63351.54,1360
443,61966.482,1673
444,51047.865,3257
445,52765.425,4397
446,49931.451,3001
447,47793.309,1624
448,65423.622,2949.8
449,56377.806,2702
450,55531.137,1331
451,45732.237,2288
452,74968.191,3316
453,66484.986,2206
454,77466.36,1141
455,78735.813,1220
456,77858.316,2786
457,76445.733,843
458,79135.476,1659
459,65347.653,1670
460,86995.515,1314
461,77360.664,2745
462,77623.803,359
463,82997.784,789.8
464,75158.664,2135
465,74353.833,1092
466,77736.105,1544
467,59910.915,2395
468,63592.659,1315.4
469,93562.98,2655.4
470,91159.497,4839.2
471,82063.035,3975.4
472,178348.788,1409.2
473,110706.651,2401
474,76198.008,2426.2
475,70196.457,6941
476,87279.573,840.8
477,100424.412,2063
478,90440.544,1224
479,83820.231,1896.6
480,65215.533,1276.2
481,70761.27,4356.8
482,69256.203,5793.2
483,50385.063,1562.4
484,59426.475,960
485,66745.923,2271
486,69571.089,3413
487,92348.577,1307
488,82409.85,3836.2
489,67609.107,1716.4
490,66473.976,2114
491,101729.097,1420.2
492,99931.164,1583.8
493,64629.801,4448
494,121902.72,501.2
495,42543.741,826.6
496,69944.328,821
497,42528.327,2323
498,48571.716,2148.2
499,41154.279,2203.4
500,50156.055,2658.4
501,51369.357,4921
502,55146.888,4470
503,55999.062,3882.6
504,67710.399,1069.6
505,59233.8,1361.8
506,65659.236,2028.6
507,70762.371,790.2
508,71115.792,2053.8
509,65914.668,674
510,77895.75,796.4
511,59092.872,758.2
512,59146.821,2720.6
513,58818.723,2870.2
514,50385.063,1581.8
515,63042.159,1453.2
516,69230.88,2008.6
517,72184.863,1976.4
518,63074.088,1701.2
519,96409.065,1307.6
520,119309.865,1900
521,81599.514,2245.6
522,86625.579,2869.2
523,92749.341,1539.6
524,82410.951,1295.4
525,75416.298,1255.4
526,88909.053,2532.8
527,94331.478,3986
528,0,0
529,91491.999,6951.8
530,91538.241,921.8
531,0,0
532,75430.611,1321.8
533,66261.483,464
534,0,1
535,36134.82,2760.8
536,69912.399,4266
537,86667.417,1172.4
538,84321.186,1752.4
539,64736.598,3775.8
540,81196.548,1166.2
541,66292.311,2184.4
542,71472.516,1172.4
543,62391.468,2725.6
544,77443.239,2489.6
545,62247.237,2110.4
546,68277.414,1625.4
547,73533.588,548.2
548,72688.02,1349.2
549,71105.883,211
550,59851.461,1856.4
551,85825.152,2536.6
552,76827.78,1299.4
553,147608.868,433.2
554,78884.448,2170.4
555,63200.703,1016.2
556,90353.565,2466.6
557,85337.409,1245.2
558,100043.466,435.2
559,103950.915,1317.2
560,138098.43,385
561,126585.273,778.2
562,87019.737,1057.2
563,64952.394,3908
564,0,46
565,72494.244,1906.6
566,76731.993,1916.6
567,70626.948,2327.2
568,81847.239,1183.6
569,60662.898,2772
570,68264.202,1411.6
571,64397.49,3360.4
572,68939.115,4349.4
573,64758.618,1694.8
574,64626.498,3360.4
575,66249.372,660.6
576,60226.902,1801.2
577,58956.348,1760
578,57227.778,2824.2
579,64855.506,1236
580,71100.378,1828
581,62564.325,872.6
582,67991.154,2372.6
583,59871.279,2471.2
584,63299.793,3555.2
585,69305.748,2733.8
586,63865.707,2478.4
587,64840.092,2901.8
588,74983.605,910.4
589,59580.615,798.6
590,73566.618,1147.8
591,64802.658,5329.4
592,113888.541,2664.8
593,86541.903,2833.8
594,69898.086,2782.8
595,62087.592,3114
596,66061.101,1676
597,64456.944,1774
598,66352.866,1349.8
599,71553.99,2208.4
600,71569.404,1894.2
601,80288.223,2395.6
602,78190.818,1019.6
603,78307.524,1010.6
604,73921.14,249.2
605,0,8
606,121442.502,1000.8
607,139012.26,714.6
608,108267.936,1694.2
609,90741.117,895.6
610,96173.451,1421.2
611,84056.946,2121.6
612,89918.67,642.4
613,94145.409,954.6
614,88332.129,1404.2
615,102408.414,108.2
616,57199.152,682.6
617,73018.32,999.8
618,87655.014,1729.4
619,76987.425,788.6
620,96516.963,865.6
621,61352.124,303.2
622,69861.753,1283
623,88289.19,1327
624,58781.289,960.8
625,97701.639,736.6
626,84672.405,1325.2
627,74153.451,1195.8
628,82567.293,3859
629,124029.852,1258.8
630,73486.245,2386
631,77701.974,2365.8
632,0,0
633,0,0
634,118978.464,2749.2
635,90909.57,2563
636,81193.245,2210.8
637,108825.042,1073.8
638,85876.899,1221
639,107978.373,1508.2
640,49484.445,711.2
641,57801.399,706.2
642,60529.677,487.2
643,57570.189,2237
644,48156.639,1724.4
645,45556.077,2060
646,52535.316,2192.4
647,0,14
648,48990.096,2837.2
649,48569.514,1213.6
650,58252.809,1811
651,65459.955,1566.6
652,68099.052,1586.8
653,61670.313,2387
654,73771.404,185
655,74354.934,1308.6
656,78535.431,740.4
657,63373.56,861.4
658,43802.184,1536.8
659,68057.214,1434.8
660,51397.983,1306.6
661,78554.148,1265.6
662,70811.916,1523.8
663,69680.088,2058
664,73074.471,1947.8
665,49202.589,6155
666,65703.276,984.4
667,58729.542,1680.8
668,77172.393,747.4
669,75315.006,3475.8
670,80859.642,385.2
671,80396.121,2550.2
672,79651.845,2557.8
673,76268.472,1654.8
674,56465.886,2376.2
675,48909.723,939.4
676,52637.709,1086.4
677,68444.766,876.4
678,94722.333,689.4
679,48211.689,1530.8
680,78828.297,1844.8
681,67744.53,1567.6
682,98269.755,1234.6
683,46729.743,1426.6
684,47312.172,1465.8
685,88286.988,4803.2
686,88692.156,2861.6
687,79474.584,1339.8
688,84581.022,2460.6
689,94841.241,1478.8
690,76904.85,1532.6
691,64568.145,267
692,81520.242,590
693,80768.259,1980.8
694,69192.345,1016.8
695,56023.284,1815.6
696,88184.595,618.8
697,89440.836,1548.8
698,76103.322,2200.6
699,67577.178,839
700,87034.05,1424.8
701,74455.125,1425.8
702,74836.071,1184.8
703,75918.354,704
704,72896.109,1347.8
705,83822.433,1085.8
706,83601.132,420
707,88760.418,1050.8
708,87084.696,1016.8
709,76560.237,356
710,100640.208,511.8
711,96058.947,970
712,88146.06,704
713,96695.325,779.8
714,92847.33,926.8
715,80803.491,673
716,96720.648,354.8
717,82431.87,1821.8
718,88695.459,1318.8
719,86736.78,781.8
720,78967.023,1249.8
721,72021.915,743.8
722,85192.077,930
723,98105.706,1212.8
724,87770.619,997.8
725,71805.018,1092
726,83756.373,1075.8
727,81636.948,177
728,78184.212,858.8
729,92908.986,1458.8
730,81661.17,995.8
731,89451.846,2956.4
732,87332.421,1020.8
733,80131.881,1484.8
734,95638.365,1016.8
735,52614.588,3794.4
736,64137.654,3050.2
737,55171.11,1239
738,48058.65,5034.2
739,48028.923,5293.8
740,33889.881,4555.6
741,82169.832,3038.2
742,61159.449,5677
743,72598.839,5690
744,114358.668,3885
745,90415.221,955.4
746,35908.014,1889.4
747,121081.374,3
748,0,61.4
749,0,28
750,72145.227,1278.6
751,80900.379,1142
752,61322.397,2708.6
753,32588.499,644.6
754,24120.708,1892.4
755,23514.057,1883.6
756,28771.332,1076.4
757,24488.442,2460.4
758,28136.055,1430
759,34091.364,529.8
760,55024.677,238.8
761,19306.035,2030.6
762,39524.799,2100
763,28663.434,2085.2
764,29609.193,1873.6
765,31173.714,1657.4
766,66182.211,636
767,29445.144,2641.8
768,23355.513,2362.2
769,45103.566,2227
770,29241.459,3644
771,33558.48,1706.4
772,0,20
773,0,36
774,30401.913,1410
775,25523.382,576.8
776,31929,3
777,32708.508,3748.2
778,32879.163,1725.4
779,33924.012,1176.6
780,37653.099,703
781,26275.365,1966.6
782,23737.56,507.8
783,33547.47,1715.4
784,28626,1446
785,30792.768,815.2
786,27785.937,2020
787,29801.868,820
788,29375.781,401.8
789,23179.353,1246.8
790,29117.046,1289.6
791,29382.387,1781.6
792,29612.496,2360.8
793,22191.756,3786.4
794,24643.683,376.8
795,35137.314,1166.2
796,0,0
797,30222.45,1478
798,36894.51,1807.6
799,33595.914,1431.8
800,26924.955,1026
801,45388.725,1280.4
802,44994.567,939
803,31786.971,2680.4
804,22868.871,1763.4
805,36512.463,1828.2
806,41373.378,3244.8
807,0,0
808,33914.103,2702.6
809,34186.05,2252.8
810,32273.613,4735
811,0,51.2
812,40555.335,2789.8
813,34878.579,1311.6
814,26360.142,1910
815,36859.278,2635.6
816,35148.324,3769.2
817,33469.299,2858
818,37220.406,3317
819,29618.001,2095.4
820,34911.609,2773
821,25964.883,2562.4
822,34639.662,2681.6
823,31342.167,2939.2
824,40347.246,2809.2
825,32192.139,1096.8
826,32985.96,4399.2
827,35284.848,2382.2
828,26083.791,1859.6
829,32356.188,2393
830,36892.308,2738
831,0,0
832,35239.707,1992.2
833,36964.974,2169.4
834,34024.203,1549.8
835,34720.035,3804.6
836,37908.531,1926.8
837,35102.082,1056.6
838,38125.428,3332.4
839,40217.328,1795.6
840,39805.554,441
841,38752.998,1006.6
842,25814.046,2611.6
843,30378.792,2748.8
844,31772.658,3585
845,33260.109,2011.2
846,30788.364,1390.8
847,34334.685,712.4
848,42803.577,1559
849,30198.228,371.8
850,23931.336,2667.2
851,33283.23,2566.2
852,33842.538,3153.2
853,41615.598,1802.6
854,29362.569,271.2
855,36480.534,1233.4
856,27549.222,1306.8
857,32544.459,1546.2
858,26082.69,3168.4
859,30259.884,2482
860,33786.387,1867.6
861,36274.647,1214.8
862,24121.809,569
863,51217.419,683.6
864,39328.821,2130.2
865,27686.847,1942.2
866,44462.784,1381.8
867,67240.272,1014.8
868,43214.25,2183.4
869,41159.784,2098.2
870,37497.858,1490.8
871,28696.464,1684
872,34451.391,5072.2
873,40347.246,2785.6
874,37660.806,1200.2
875,42159.492,2441.6
876,51913.251,1187.8
877,48569.514,2871.8
878,43807.689,2233.4
879,38497.566,2219
880,41353.56,2301.6
881,45002.274,2528.6
882,52064.088,1468
883,36587.331,2648.4
884,39218.721,3531.2
885,54966.324,1467.2
886,42529.428,3835.8
887,47622.654,1811.2
888,44918.598,2619.6
889,61375.245,2890.6
890,60959.067,1804.4
891,46410.453,612.2
892,45450.381,2497.6
893,63118.128,2828.6
894,105252.297,3538.6
895,89701.773,572.2
896,83269.731,2055.4
897,97866.789,1791.4
898,110722.065,628.2
899,89821.782,1118.2
900,213315.447,139.2
901,90497.796,1118.4
902,86777.517,2103.4
903,94798.302,2912.4
904,115367.184,3872.8
905,0,2
906,27778.23,2406.2
907,42649.437,2775.2
908,31179.219,313.2
909,44297.634,2802.4
910,35607.441,1577.6
911,48862.38,2333
912,51294.489,2565.2
913,50571.132,2330
914,46812.318,817.4
915,50109.813,7586.4
916,52415.307,1142.4
917,46959.852,1831.8
918,49989.804,1490.2
919,50659.212,1832
920,57800.298,502.2
921,51658.92,227
922,34698.015,796.2
923,34874.175,3358.6
924,34967.76,1362.6
925,34396.341,1706.8
926,53975.424,2577
927,50890.422,2138
928,44293.23,1808.8
929,45343.584,550.4
930,54941.001,2405.2
931,0,1
932,40917.564,639.2
933,42919.182,4493
934,39672.333,2791.2
935,41585.871,2402.2
936,71129.004,3244.4
937,0,0
938,80713.209,1808.8
939,0,14
940,47681.007,3327.4
941,54215.442,12738
942,63270.066,4287.8
943,62494.962,1426.2
944,63924.06,2657.4
945,0,222.2
946,63958.191,2083.2
947,51250.449,2613.4
948,49532.889,692
949,63568.437,1603.2
950,67274.403,1060.2
951,84760.485,454
952,90935.994,781
953,77742.711,924
954,20394.924,368
955,65377.38,4253.6
956,88805.559,2040.2
957,82078.449,1311.2
958,79722.309,1589.2
959,76933.476,3245.6
960,82512.243,2076.2
961,33645.459,2633.4
962,48686.22,1387.2
963,46857.459,1764.4
964,44051.01,1455.4
965,37955.874,1280.2
966,79835.712,613
967,45123.384,3535.6
968,43323.249,2178.4
969,80346.576,603
970,58314.465,2449.4
971,82136.802,2344.4
972,60922.734,668.2
973,93492.516,261.2
974,91723.209,654
975,88977.315,1908.2
976,46554.684,6744
977,66193.221,3062.6
978,78015.759,1239.2
979,40374.771,177
980,41299.611,739.2
981,52746.708,1293.2
982,51277.974,653.2
983,0,32
984,49310.487,836.2
985,47955.156,1956.2
986,61139.631,662.2
987,66385.896,2680.4
988,80988.459,496
989,75996.525,311
990,78975.831,815.4
991,42984.141,2263
992,56965.74,833.4
993,66544.44,909.4
994,75448.227,2509.2
995,85334.106,673.4
996,61904.826,1536.8
997,53574.66,2714.2
998,45009.981,2801.6
999,55000.455,883.4
1000,62928.756,1385.2
1001,61369.74,1068.6
1002,55247.079,1425.8
1003,46191.354,4856.4
1004,52481.367,2392.2
1005,62080.986,1897
1006,67162.101,1229.6
1007,32230.674,3073.6
1008,55702.893,2611.4
1009,82805.109,337.2
1010,67617.915,740.4
1011,70130.397,3210.6
1012,78553.047,1841
1013,64519.701,1830.8
1014,63481.458,336
1015,63284.379,1781
1016,54115.251,1269.6
1017,49070.469,999.6
1018,67964.73,680.2
1019,81449.778,744.4
1020,60104.691,696.4
1021,66013.758,2638.2
1022,14096.103,24
1023,0,19
1024,0,622.2
1025,0,0
1026,0,5
1027,0,0
1028,53124.351,476
1029,80687.886,828.4
1030,66435.441,1867.6
1031,52764.324,920.8
1032,63485.862,1299.8
1033,64008.837,2012.2
1034,61660.404,1608.6
1035,62489.457,2007.2
1036,69575.493,1538.2
1037,71972.37,792.4
1038,92302.335,2152.8
1039,70010.388,1211
1040,66579.672,1555.4
1041,83720.04,2294.4
1042,76107.726,1783.2
1043,101306.313,1558.4
1044,32772.366,1187.8
1045,89506.896,1166.8
1046,68722.218,2068.4
1047,48074.064,2206
1048,26869.905,1239
1049,37873.299,1144.8
1050,33943.83,3212.2
1051,49614.363,1442.2
1052,30447.054,1788.2
1053,32418.945,695.8
1054,56265.504,1881.6
1055,45362.301,2387.8
1056,22361.31,505.2
1057,36272.445,673.6
1058,39565.536,1020
1059,22758.771,1454.4
1060,34296.15,2614.8
1061,48177.558,609.8
1062,54976.233,358.4
1063,58268.223,578.6
1064,36450.807,3076.6
1065,37886.511,3438.2
1066,56802.792,1345.6
1067,68362.191,1187.8
1068,65971.92,1216
1069,39106.419,1100.4
1070,66736.014,1568.6
1071,75736.689,1380.6
1072,61761.696,1394.8
1073,222706.977,1609.8
1074,0,1
1075,64758.618,212.4
1076,202167.822,2010.8
1077,29381.286,1532.4
1078,37625.574,1079.2
1079,60033.126,689.8
1080,101325.03,1192.4
1081,180700.524,4489.6
1082,132042.93,3466.8
1083,217937.445,1622.8
1084,80821.107,978.6
1085,137630.505,1563.6
1086,152971.839,1548.4
1087,68777.268,160.8
1088,74092.896,1042.4
1089,103528.131,1237
1090,63722.577,1761.4
1091,94823.625,1161.6
1092,72092.379,825
1093,67713.702,1506.2
1094,90399.807,2226.8
1095,21132.594,2636.8
1096,58089.861,508.4
1097,56542.956,563.8
1098,82929.522,182
1099,58871.571,937.4
1100,54240.765,2267.8
1101,92678.877,1723.2
1102,80075.73,1510.2
1103,77820.882,3210.4
1104,58702.017,1462
1105,54205.533,1761.2
1106,47391.444,969.6
1107,52657.527,1792.4
1108,50638.293,1525.4
1109,47148.123,1830.6
1110,44500.218,1814.4
1111,59474.919,1222.8
1112,32946.324,828.2
1113,37144.437,471
1114,58271.526,942.8
1115,25522.281,1751.2
1116,31916.889,1742
1117,68487.705,128.8
1118,23639.571,1127.2
1119,48857.976,1208.8
1120,43269.3,2719
1121,49385.355,1522.6
1122,31886.061,3042.2
1123,40534.416,1197.6
1124,46512.846,647.6
1125,49321.497,291.8
1126,50585.445,1247
1127,67199.535,1436.8
1128,34105.677,1480.4
1129,48779.805,2326.6
1130,67663.056,1804.4
1131,38420.496,2433.4
1132,47467.413,1268
1133,55667.661,1492.4
1134,57539.361,1713.8
1135,45942.528,1543.8
1136,40659.93,1358.6
1137,65805.669,1574.8
1138,53749.719,2668
1139,47618.25,3013
1140,40937.382,910.4
1141,49931.451,1437.2
1142,36887.904,1856
1143,48843.663,1229.8
1144,54053.595,545.4
1145,42995.151,1195.6
1146,41424.024,1192.6
1147,46040.517,1251
1148,41147.673,1366.8
1149,35883.792,1167.4
1150,43722.912,2592.6
1151,31083.432,1363.6
1152,36370.434,3043.4
1153,38527.293,1231.8
1154,33851.346,1678.8
1155,37926.147,1299.4
1156,40684.152,1886.2
1157,44935.113,1814.6
1158,42585.579,1259.2
1159,39613.98,1215.8
1160,45993.174,1290.2
1161,50398.275,2303.8
1162,43420.137,3371.6
1163,41165.289,1062.8
1164,41215.935,839.4
1165,45083.748,1309.2
1166,39991.623,2205
1167,0,2
1168,42400.611,1910.2
1169,48056.448,1439.8
1170,54551.247,4135.2
1171,37977.894,1896.2
1172,50730.777,1147.2
1173,52901.949,3540.2
1174,45531.855,2301.4
1175,47140.416,1739.4
1176,43029.282,3139
1177,34052.829,3571.2
1178,0,262.8
1179,31718.709,6425.6
1180,44302.038,1157.2
1181,51458.538,1971.6
1182,62824.161,1745.4
1183,33482.511,1847
1184,69063.528,598.4
1185,41398.701,1021.6
1186,56806.095,1117
1187,24455.412,1475.8
1188,39033.753,2638.2
1189,52481.367,2535.6
1190,50080.086,2207.8
1191,44424.249,2728
1192,44538.753,266.4
1193,40041.168,1428.6
1194,38179.377,1590.6
1195,42264.087,1628
1196,26073.882,2307
1197,45704.712,2020.8
1198,36490.443,4382.4
1199,117702.405,668.4
1200,104858.139,2966.2
1201,167404.848,1697.4
1202,109426.188,2569.6
1203,148826.574,1509.8
1204,122706.45,1665
1205,66466.269,1738.4
1206,44162.211,1484
1207,67602.501,1720.6
1208,67218.252,207.8
1209,75865.506,492
1210,106541.568,994.8
1211,104484.9,1093.6
1212,113200.416,1836
1213,138686.364,2677
1214,120130.11,1716.4
1215,92204.346,1644
1216,121895.013,1509.8
1217,155343.393,2079.8
1218,189853.137,2457.2
1219,160443.225,1584
1220,140963.232,1218.6
1221,134826.258,2120
1222,127489.194,3326.4
1223,81010.479,1403.2
1224,92338.668,1526.6
1225,95265.126,1286
1226,113620.998,2097.8
1227,131221.584,1938.6
1228,45850.044,2451.6
1229,88093.212,3184.2
1230,93056.52,2379
1231,116943.816,1650.8
1232,74645.598,1553.2
1233,95781.495,1792.6
1234,76719.882,2006
1235,58619.442,1465.8
1236,67528.734,1451.4
1237,65902.557,1697
1238,47609.442,1272.6
1239,54041.484,2394.2
1240,0,0
1241,48418.677,1991.8
1242,52480.266,1590.4
1243,58889.187,1832
1244,52110.33,1806.8
1245,43501.611,1526
1246,50247.438,2893.2
1247,46726.44,2166.8
1248,51014.835,622.6
1249,42605.397,1852
1250,55171.11,1464.8
1251,59070.852,1621.6
1252,56252.292,1520
1253,41108.037,1653.8
1254,45492.219,1567.2
1255,0,2
1256,76391.784,1890
1257,53441.439,1532
1258,60112.398,2327
1259,128131.077,2085.4
1260,75507.681,2495.6
1261,46319.07,1551
1262,50132.934,1518
1263,39093.207,2309.2
1264,48420.879,2838.6
1265,39921.159,3134.4
1266,33811.71,3061
1267,66003.849,1387.6
1268,41312.823,1809.8
1269,29711.586,1988.2
1270,50810.049,1626.2
1271,32823.012,1392.6
1272,37621.17,2903.6
1273,28951.896,2060.4
1274,43430.046,3525.2
1275,0,0
1276,58240.698,4991.6
1277,48056.448,3685.6
1278,47927.631,3767
1279,46759.47,1849.4
1280,46041.618,2513.4
1281,46417.059,1376.2
1282,47589.624,1943.8
1283,48690.624,1451.6
1284,63106.017,2117.6
1285,60743.271,3046.8
1286,65186.907,1277.8
1287,50138.439,4058.2
1288,10713.831,169.6
1289,46807.914,1994
1290,53320.329,2122.6
1291,76255.26,1204.6
1292,83379.831,1693.2
1293,69489.615,2363.2
1294,91662.654,953.8
1295,78995.649,3636
1296,68164.011,1590.8
1297,75443.823,1121.4
1298,84966.372,1596.8
1299,67533.138,1368.2
1300,68605.512,1398.2
1301,55935.204,1822.4
1302,171839.676,1428.2
1303,75720.174,1221.8
1304,77216.433,1509.6
1305,88470.855,715.2
1306,92336.466,2061.2
1307,76140.756,1848.4
1308,69236.385,1600
1309,59439.687,1818.6
1310,76250.856,1051.2
1311,53184.906,2536.8
1312,81191.043,1733.2
1313,55070.919,1852.8
1314,80292.627,1603
1315,115042.389,1265
1316,66777.852,1344
1317,78902.064,2143.6
1318,49474.536,1114.4
1319,50244.135,1522.6
1320,65627.307,2431.4
1321,54786.861,1459.4
1322,0,6
1323,65893.749,5625.4
1324,53132.058,2820.8
1325,41524.215,2998.4
1326,45944.73,2620.4
1327,46603.128,2725.6
1328,51592.86,2227.2
1329,57706.713,1511.2
1330,53464.56,2097.8
1331,62360.64,1309.6
1332,52354.752,1389.8
1333,72018.612,801.2
1334,54521.52,2846.8
1335,63186.39,3808.4
1336,45288.534,2090.8
1337,53254.269,1174.2
1338,59040.024,2665.2
1339,59244.81,1417
1340,48631.17,1819
1341,59428.677,1220.2
1342,59636.766,2630.4
1343,63199.602,2577.2
1344,56218.161,1334.8
1345,46225.485,1512.2
1346,49278.558,2882
1347,60305.073,6245.2
1348,58943.136,1800
1349,55103.949,1367.8
1350,39756.009,2684
1351,49706.847,1205.6
1352,42789.264,1302.2
1353,49561.515,1371.6
1354,52028.856,1007.4
1355,46639.461,1010.6
1356,35812.227,1365.6
1357,61254.135,1281.2
1358,46439.079,1354.4
1359,62878.11,2290.6
1360,50577.738,1452
1361,73511.568,1137.2
1362,52944.888,2018.2
1363,46647.168,1940.8
1364,58007.286,1229.8
1365,38372.052,1435.8
1366,59521.161,1495.2
1367,47861.571,1755.8
1368,53833.395,1399.6
1369,52085.007,1424
1370,73732.869,923
1371,62175.672,1967.8
1372,65141.766,1292
1373,67126.869,1494.2
1374,50767.11,1856.2
1375,53671.548,2138.2
1376,80334.465,2930
1377,71481.324,2798.4
1378,61570.122,2405.4
1379,48283.254,933.2
1380,55947.315,1462
1381,49445.91,2257.4
1382,75866.607,1903
1383,26463.636,667.2
1384,26105.811,2922.2
1385,35925.63,2432.8
1386,10154.523,741.8
1387,0,40.2
1388,58299.051,2727
1389,52945.989,742.6
1390,46974.165,1604.2
1391,48194.073,3411.4
1392,54295.815,4464.2
1393,39829.776,6316.6
1394,73629.375,1617.2
1395,62318.802,4231.8
1396,42243.168,3940.8
1397,44685.186,2398.2
1398,65124.15,1533.6
1399,38289.477,2837
1400,45690.399,4654.8
1401,40046.673,3144.8
1402,42844.314,3235.2
1403,45749.853,2654.2
1404,66123.858,1357.2
1405,49230.114,1913.2
1406,49796.028,2368
1407,97049.847,1085.2
1408,64317.117,3117
1409,59066.448,2109.2
1410,50408.184,2891
1411,54711.993,1085.2
1412,103614.009,845.2
1413,59538.777,1278
1414,64160.775,2095
1415,60716.847,1598
1416,72178.257,887.4
1417,62916.645,1596
1418,54820.992,3218.2
1419,51534.507,3118
1420,131426.37,1093.2
1421,100865.913,1328
1422,81286.83,1261.8
1423,54784.659,1602
1424,75839.082,1900.2
1425,58518.15,1085.2
1426,48402.162,2015.6
1427,44938.416,1649.2
1428,111293.484,1629.4
1429,60743.271,3183.4
1430,83419.467,2641.4
1431,64170.684,1447.8
1432,22310.664,2228.6
1433,55346.169,1107.4
1434,71001.288,3029.8
1435,70662.18,1961.8
1436,55585.086,1137.4
1437,56513.229,3950.4
1438,58129.497,2054.2
1439,55734.822,2107.2
1440,52348.146,2063.8
1441,66210.837,3035.8
1442,68004.366,1859.2
1443,68746.44,2089.2
1444,53701.275,2266.8
1445,76418.208,2536.8
1446,70078.65,1530.8
1447,88771.428,2181.6
1448,49279.659,6117.8
1449,59021.307,2305
1450,56548.461,2838
1451,58219.779,1710.6
1452,67731.318,1379.4
1453,69245.193,3846
1454,25236.021,2089.2
1455,28322.124,1183.2
1456,47326.485,457
1457,32831.82,1772.8
1458,42899.364,2993
1459,63442.923,1016.4
1460,36975.984,4313.6
1461,56509.926,395.8
1462,32402.43,2032.8
1463,30541.74,1938.4
1464,45448.179,3240
1465,37475.838,2024.8
1466,17385.891,2285
1467,21993.576,2362.2
1468,48645.483,1010.2
1469,41158.683,2276
1470,43912.284,1946.8
1471,42070.311,2796.6
1472,64397.49,942.8
1473,52426.317,1725
1474,71058.54,2000.2
1475,45323.766,1155.6
1476,51857.1,1185.8
1477,57238.788,1873.6
1478,54934.395,1456
1479,54464.268,640.6
1480,49463.526,1670.8
1481,63383.469,1965
1482,71785.2,1128.6
1483,54412.521,3429
1484,40600.476,1353.6
1485,53922.576,2897.8
1486,69915.702,1106.4
1487,75667.326,2041.4
1488,90931.59,1406.8
1489,53514.105,1460
1490,61095.591,1634.8
1491,58775.784,1961.8
1492,69453.282,1047.2
1493,69852.945,1943.8
1494,40520.103,2292.4
1495,43544.55,1777.4
1496,51330.822,1477
1497,41829.192,6042
1498,62472.942,1948
1499,85022.523,102.2
1500,85831.758,5393.6
1501,102728.805,2849.8
1502,0,0
1503,93224.973,2894.8
1504,97287.663,1662.4
1505,83326.983,1487.2
1506,72663.798,1120.2
1507,52208.319,1175.2
1508,69021.69,1696.6
1509,69902.49,617.6
1510,67580.481,1628.6
1511,69198.951,948.6
1512,58476.312,1605.4
1513,99986.214,1625.4
1514,62733.879,1337.6
1515,90225.849,1375.8
1516,69647.058,1643.6
1517,42945.606,2254.2
1518,0,0
1519,37251.234,2325.2
1520,46139.607,567
1521,0,0
1522,76055.979,2498.8
1523,78273.393,1142
1524,67495.704,2485.8
1525,77557.743,2357.4
1526,87037.353,1605.4
1527,73609.557,1582.2
1528,97035.534,1264.4
1529,72629.667,1407.8
1530,45691.5,2093.6
1531,70438.677,2704.4
1532,65997.243,1982.4
1533,78740.217,2129.8
1534,62954.079,1923.2
1535,74576.235,1937.2
1536,73923.342,5314.6
1537,83965.563,1751.8
1538,33986.769,2883
1539,46451.19,2185.8
1540,64328.127,2114
1541,70699.614,2631.8
1542,74609.265,1148.8
1543,114203.427,736
1544,115082.025,1164
1545,84102.087,1999
1546,67545.249,975.2
1547,77914.467,1175.2
1548,79903.974,1122.6
1549,91991.853,1349.8
1550,66349.563,1781
1551,119710.629,1171.2
1552,48267.84,1596.2
1553,71100.378,944.8
1554,62584.143,970.2
1555,97251.33,1453.8
1556,59683.008,1744.4
1557,47812.026,357.4
1558,69955.338,1389.2
1559,74745.789,973.2
1560,63802.95,2488.6
1561,50485.254,2556.2
1562,60185.064,1032.8
1563,58912.308,480.6
1564,82664.181,3786.8
1565,91151.79,2159.4
1566,92144.892,2054.4
1567,94797.201,1967.6
1568,102736.512,2713.6
1569,47880.288,705.6
1570,56650.854,1380
1571,59371.425,479.4
1572,54716.397,1620.2
1573,48470.424,4491.6
1574,95261.823,492.2
1575,69999.378,1927.2
1576,75259.956,1234.8
1577,77232.948,1841.6
1578,75727.881,992
1579,88423.512,5002
1580,94174.035,1506.4
1581,109091.484,1218.6
1582,26349.132,112.8
1583,102321.435,1701
1584,91823.4,2275
1585,60803.826,951.6
1586,151826.799,372.6
1587,136617.585,2069.6
1588,85129.32,1475.2
1589,67980.144,1544.8
1590,68419.443,1364.6
1591,101287.596,1493.4
1592,70707.321,1269
1593,67638.834,1722
1594,89173.293,4320.6
1595,67536.441,2880
1596,122891.418,918.4
1597,114653.736,574
1598,76046.07,2799.6
1599,77190.009,4395.8
1600,86064.069,1539.8
1601,77040.273,3656.2
1602,0,0
1603,67723.611,2673.6
1604,81268.113,1455.2
1605,88125.141,2151
1606,118512.741,2428.6
1607,95550.285,3795.2
1608,88338.735,3993.6
1609,92651.352,2463
1610,103597.494,1194.2
1611,122092.092,1720.2
1612,93311.952,5617
1613,112441.827,5121.2
1614,98169.564,4382.6
1615,100732.692,4684.6
1616,109992.102,3248
1617,108351.612,4247.2
1618,95065.845,1685.2
1619,114183.609,3681.2
1620,112897.641,2177
1621,82952.643,2738.8
1622,94265.418,1653.8
